function,time,len
unique_vals,10.925471ms,9000
Gini,3.820273ms,9000
unique_vals,77.717µs,62
Gini,5.648µs,62
unique_vals,19.270898ms,8938
Gini,1.777462ms,8938
unique_vals,7.35232ms,9000
Gini,1.751481ms,9000
unique_vals,228.682µs,231
Gini,18.79µs,231
unique_vals,8.26714ms,8769
Gini,1.704872ms,8769
unique_vals,7.360821ms,9000
Gini,1.748898ms,9000
unique_vals,258.617µs,280
Gini,19.007µs,280
unique_vals,8.362563ms,8720
Gini,3.136894ms,8720
unique_vals,6.565113ms,9000
Gini,1.196025ms,9000
unique_vals,335.193µs,517
Gini,21.115µs,517
unique_vals,14.580682ms,8483
Gini,1.132399ms,8483
unique_vals,13.7953ms,9000
Gini,1.57452ms,9000
unique_vals,419.155µs,639
Gini,25.933µs,639
unique_vals,11.405541ms,8361
Gini,1.975532ms,8361
unique_vals,16.865087ms,9000
Gini,27.907406ms,9000
unique_vals,611.937µs,944
Gini,38.247µs,944
unique_vals,5.81487ms,8056
Gini,2.575637ms,8056
unique_vals,9.591699ms,9000
Gini,2.039638ms,9000
unique_vals,3.843642ms,1293
Gini,248.667µs,1293
unique_vals,8.399766ms,7707
Gini,3.151571ms,7707
unique_vals,14.469041ms,9000
Gini,1.782617ms,9000
unique_vals,2.084692ms,1889
Gini,353.898µs,1889
unique_vals,8.778464ms,7111
Gini,1.777887ms,7111
unique_vals,11.231981ms,9000
Gini,2.854586ms,9000
unique_vals,2.547993ms,2442
Gini,472.849µs,2442
unique_vals,5.522271ms,6558
Gini,873.949µs,6558
unique_vals,8.541446ms,9000
Gini,2.65108ms,9000
unique_vals,2.655087ms,2683
Gini,549.479µs,2683
unique_vals,6.19745ms,6317
Gini,1.25497ms,6317
unique_vals,8.270455ms,9000
Gini,4.779153ms,9000
unique_vals,2.517189ms,2755
Gini,584.316µs,2755
unique_vals,5.21366ms,6245
Gini,1.038917ms,6245
unique_vals,9.057783ms,9000
Gini,2.486232ms,9000
unique_vals,3.911624ms,3082
Gini,585.239µs,3082
unique_vals,5.90287ms,5918
Gini,1.14672ms,5918
unique_vals,10.570904ms,9000
Gini,1.845968ms,9000
unique_vals,3.169682ms,3488
Gini,750.491µs,3488
unique_vals,6.157117ms,5512
Gini,1.377904ms,5512
unique_vals,9.924972ms,9000
Gini,1.765074ms,9000
unique_vals,3.559204ms,3901
Gini,750.59µs,3901
unique_vals,6.632752ms,5099
Gini,1.041512ms,5099
unique_vals,16.68482ms,9000
Gini,1.24517ms,9000
unique_vals,4.252318ms,4367
Gini,851.906µs,4367
unique_vals,3.550516ms,4633
Gini,624.709µs,4633
unique_vals,9.889393ms,9000
Gini,3.590648ms,9000
unique_vals,8.212923ms,4759
Gini,973.218µs,4759
unique_vals,3.816759ms,4241
Gini,578.979µs,4241
unique_vals,13.805036ms,9000
Gini,2.152993ms,9000
unique_vals,6.532184ms,4931
Gini,968.782µs,4931
unique_vals,3.636331ms,4069
Gini,552.96µs,4069
unique_vals,16.359718ms,9000
Gini,1.808723ms,9000
unique_vals,7.445212ms,5291
Gini,1.052975ms,5291
unique_vals,3.419471ms,3709
Gini,498.572µs,3709
unique_vals,8.61613ms,9000
Gini,1.999056ms,9000
unique_vals,5.797435ms,5651
Gini,1.170634ms,5651
unique_vals,2.273422ms,3349
Gini,843.129µs,3349
unique_vals,8.825915ms,9000
Gini,1.807375ms,9000
unique_vals,5.690275ms,5893
Gini,1.182545ms,5893
unique_vals,3.031234ms,3107
Gini,411.992µs,3107
unique_vals,9.197601ms,9000
Gini,1.794317ms,9000
unique_vals,6.535073ms,6411
Gini,3.4599ms,6411
unique_vals,2.327223ms,2589
Gini,421.415µs,2589
unique_vals,9.557149ms,9000
Gini,42.092605ms,9000
unique_vals,5.45041ms,6829
Gini,1.546001ms,6829
unique_vals,2.003864ms,2171
Gini,295.711µs,2171
unique_vals,6.898675ms,9000
Gini,5.394082ms,9000
unique_vals,8.757172ms,7110
Gini,5.200806ms,7110
unique_vals,1.90265ms,1890
Gini,280.2µs,1890
unique_vals,9.301264ms,9000
Gini,1.77795ms,9000
unique_vals,6.066091ms,7226
Gini,1.510745ms,7226
unique_vals,1.124527ms,1774
Gini,153.842µs,1774
unique_vals,7.916237ms,9000
Gini,1.814449ms,9000
unique_vals,7.872136ms,7782
Gini,1.5683ms,7782
unique_vals,1.120157ms,1218
Gini,185.478µs,1218
unique_vals,8.069513ms,9000
Gini,1.845592ms,9000
unique_vals,7.15674ms,7978
Gini,1.0625ms,7978
unique_vals,712.025µs,1022
Gini,134.037µs,1022
unique_vals,8.237711ms,9000
Gini,1.193212ms,9000
unique_vals,5.13284ms,8203
Gini,1.094936ms,8203
unique_vals,501.239µs,797
Gini,63.624µs,797
unique_vals,5.74195ms,9000
Gini,1.228163ms,9000
unique_vals,6.520756ms,8263
Gini,1.103405ms,8263
unique_vals,470.993µs,737
Gini,29.326µs,737
unique_vals,6.911231ms,9000
Gini,1.277751ms,9000
unique_vals,5.215748ms,8333
Gini,1.308478ms,8333
unique_vals,430.047µs,667
Gini,26.766µs,667
unique_vals,5.697793ms,9000
Gini,1.215071ms,9000
unique_vals,5.378476ms,8516
Gini,1.291677ms,8516
unique_vals,496.173µs,484
Gini,35.237µs,484
unique_vals,8.592696ms,9000
Gini,1.81842ms,9000
unique_vals,7.673799ms,8575
Gini,1.880823ms,8575
unique_vals,397.581µs,425
Gini,29.703µs,425
unique_vals,8.172342ms,9000
Gini,1.838201ms,9000
unique_vals,7.912057ms,8638
Gini,2.142622ms,8638
unique_vals,347.947µs,362
Gini,25.764µs,362
unique_vals,6.6608ms,9000
Gini,3.427018ms,9000
unique_vals,7.281349ms,8688
Gini,1.753296ms,8688
unique_vals,306.225µs,312
Gini,22.053µs,312
unique_vals,7.078404ms,9000
Gini,1.468515ms,9000
unique_vals,8.563097ms,8944
Gini,1.418101ms,8944
unique_vals,65.444µs,56
Gini,4.087µs,56
unique_vals,5.829785ms,9000
Gini,1.16123ms,9000
unique_vals,47.057µs,64
Gini,3.192µs,64
unique_vals,14.135572ms,8936
Gini,2.329725ms,8936
unique_vals,7.110661ms,9000
Gini,2.476804ms,9000
unique_vals,391.961µs,246
Gini,39.984µs,246
unique_vals,7.91869ms,8754
Gini,1.450044ms,8754
unique_vals,7.758249ms,9000
Gini,3.465781ms,9000
unique_vals,441.535µs,482
Gini,94.074µs,482
unique_vals,6.640929ms,8518
Gini,1.570308ms,8518
unique_vals,10.571619ms,9000
Gini,2.187101ms,9000
unique_vals,636.348µs,664
Gini,91.584µs,664
unique_vals,5.231331ms,8336
Gini,1.458839ms,8336
unique_vals,5.675065ms,9000
Gini,1.197081ms,9000
unique_vals,764.126µs,1160
Gini,170.952µs,1160
unique_vals,6.648807ms,7840
Gini,1.350905ms,7840
unique_vals,10.017037ms,9000
Gini,1.196757ms,9000
unique_vals,919.928µs,1460
Gini,185.233µs,1460
unique_vals,5.189223ms,7540
Gini,998.504µs,7540
unique_vals,6.706495ms,9000
Gini,1.772535ms,9000
unique_vals,1.772287ms,1977
Gini,389.873µs,1977
unique_vals,6.669753ms,7023
Gini,1.377075ms,7023
unique_vals,8.770424ms,9000
Gini,1.857796ms,9000
unique_vals,2.494557ms,2786
Gini,540.018µs,2786
unique_vals,5.448658ms,6214
Gini,1.172397ms,6214
unique_vals,8.202763ms,9000
Gini,1.789195ms,9000
unique_vals,3.117793ms,3428
Gini,612.882µs,3428
unique_vals,4.832441ms,5572
Gini,1.100641ms,5572
unique_vals,7.355275ms,9000
Gini,2.159509ms,9000
unique_vals,3.515683ms,4950
Gini,860.457µs,4950
unique_vals,3.31441ms,4050
Gini,525.485µs,4050
unique_vals,7.962929ms,9000
Gini,1.549418ms,9000
unique_vals,5.293976ms,5681
Gini,1.131434ms,5681
unique_vals,2.763988ms,3319
Gini,462.736µs,3319
unique_vals,6.68184ms,9000
Gini,1.19277ms,9000
unique_vals,4.340601ms,6485
Gini,864.11µs,6485
unique_vals,1.960324ms,2515
Gini,471.73µs,2515
unique_vals,8.92139ms,9000
Gini,1.69054ms,9000
unique_vals,5.60358ms,6820
Gini,1.376644ms,6820
unique_vals,1.552201ms,2180
Gini,260.768µs,2180
unique_vals,6.711541ms,9000
Gini,1.828719ms,9000
unique_vals,6.944987ms,7543
Gini,1.489002ms,7543
unique_vals,1.29261ms,1457
Gini,186.118µs,1457
unique_vals,7.750196ms,9000
Gini,1.478364ms,9000
unique_vals,7.787314ms,7913
Gini,1.598834ms,7913
unique_vals,1.14767ms,1087
Gini,156.88µs,1087
unique_vals,8.281504ms,9000
Gini,1.747082ms,9000
unique_vals,8.36573ms,8130
Gini,1.63941ms,8130
unique_vals,740.6µs,870
Gini,99.469µs,870
unique_vals,9.128208ms,9000
Gini,1.777106ms,9000
unique_vals,8.823773ms,8315
Gini,1.714703ms,8315
unique_vals,682.918µs,685
Gini,94.083µs,685
unique_vals,8.00034ms,9000
Gini,1.73536ms,9000
unique_vals,5.423638ms,8666
Gini,2.90884ms,8666
unique_vals,619.375µs,334
Gini,15.739µs,334
unique_vals,9.342931ms,9000
Gini,2.068877ms,9000
unique_vals,6.720374ms,8777
Gini,1.231035ms,8777
unique_vals,167.12µs,223
Gini,10.276µs,223
unique_vals,5.614249ms,9000
Gini,1.19685ms,9000
unique_vals,5.835679ms,8823
Gini,2.125615ms,8823
unique_vals,182.852µs,177
Gini,13.72µs,177
unique_vals,5.68436ms,9000
Gini,1.723619ms,9000
unique_vals,8.247423ms,8893
Gini,1.790702ms,8893
unique_vals,117.574µs,107
Gini,9.147µs,107
unique_vals,7.839465ms,9000
Gini,1.854399ms,9000
unique_vals,7.31776ms,8943
Gini,1.509443ms,8943
unique_vals,69.68µs,57
Gini,5.61µs,57
unique_vals,9.982001ms,9000
Gini,1.615984ms,9000
unique_vals,78.985µs,70
Gini,6.639µs,70
unique_vals,6.784598ms,8930
Gini,1.36789ms,8930
unique_vals,10.614965ms,9000
Gini,1.874197ms,9000
unique_vals,142.217µs,132
Gini,11.039µs,132
unique_vals,8.794154ms,8868
Gini,1.749867ms,8868
unique_vals,6.773809ms,9000
Gini,2.899814ms,9000
unique_vals,245.995µs,243
Gini,18.105µs,243
unique_vals,8.530899ms,8757
Gini,1.732597ms,8757
unique_vals,8.723323ms,9000
Gini,1.335062ms,9000
unique_vals,415.679µs,646
Gini,26.05µs,646
unique_vals,5.238345ms,8354
Gini,1.108761ms,8354
unique_vals,8.028918ms,9000
Gini,1.813903ms,9000
unique_vals,1.251273ms,1364
Gini,88.255µs,1364
unique_vals,7.237354ms,7636
Gini,1.5454ms,7636
unique_vals,7.916596ms,9000
Gini,1.796496ms,9000
unique_vals,1.904486ms,2162
Gini,137.644µs,2162
unique_vals,6.992055ms,6838
Gini,1.362186ms,6838
unique_vals,8.383354ms,9000
Gini,1.814137ms,9000
unique_vals,2.35097ms,2605
Gini,166.775µs,2605
unique_vals,6.165732ms,6395
Gini,1.266116ms,6395
unique_vals,8.473841ms,9000
Gini,1.829286ms,9000
unique_vals,2.558454ms,2827
Gini,182.901µs,2827
unique_vals,5.551161ms,6173
Gini,1.606859ms,6173
unique_vals,10.131988ms,9000
Gini,1.312821ms,9000
unique_vals,1.947437ms,2935
Gini,113.524µs,2935
unique_vals,3.743796ms,6065
Gini,667.734µs,6065
unique_vals,5.683574ms,9000
Gini,1.192387ms,9000
unique_vals,4.355635ms,3001
Gini,230.487µs,3001
unique_vals,5.262388ms,5999
Gini,599.117µs,5999
unique_vals,5.64853ms,9000
Gini,1.195285ms,9000
unique_vals,1.938583ms,3136
Gini,243.913µs,3136
unique_vals,8.298437ms,5864
Gini,561.213µs,5864
unique_vals,7.852819ms,9000
Gini,1.19293ms,9000
unique_vals,2.058302ms,3251
Gini,305.472µs,3251
unique_vals,4.2251ms,5749
Gini,1.070963ms,5749
unique_vals,13.178417ms,9000
Gini,1.781843ms,9000
unique_vals,3.147944ms,3368
Gini,431.846µs,3368
unique_vals,4.70654ms,5632
Gini,583.894µs,5632
unique_vals,10.219503ms,9000
Gini,1.817328ms,9000
unique_vals,3.20085ms,3426
Gini,416.522µs,3426
unique_vals,4.319431ms,5574
Gini,725.571µs,5574
unique_vals,9.874989ms,9000
Gini,1.641868ms,9000
unique_vals,3.480357ms,3479
Gini,463.157µs,3479
unique_vals,5.310859ms,5521
Gini,787.758µs,5521
unique_vals,5.623303ms,9000
Gini,3.620066ms,9000
unique_vals,3.285921ms,3668
Gini,481.404µs,3668
unique_vals,4.226819ms,5332
Gini,499.65µs,5332
unique_vals,6.130617ms,9000
Gini,1.341763ms,9000
unique_vals,2.509719ms,3974
Gini,399.364µs,3974
unique_vals,4.191685ms,5026
Gini,464.412µs,5026
unique_vals,6.483366ms,9000
Gini,1.90549ms,9000
unique_vals,2.608207ms,4131
Gini,360.202µs,4131
unique_vals,3.097441ms,4869
Gini,444.362µs,4869
unique_vals,6.552423ms,9000
Gini,1.237671ms,9000
unique_vals,2.760913ms,4386
Gini,389.29µs,4386
unique_vals,3.021659ms,4614
Gini,439.57µs,4614
unique_vals,8.045503ms,9000
Gini,1.837198ms,9000
unique_vals,4.308497ms,4487
Gini,611.757µs,4487
unique_vals,3.979865ms,4513
Gini,587.4µs,4513
unique_vals,7.682288ms,9000
Gini,1.794768ms,9000
unique_vals,3.130641ms,4761
Gini,725.615µs,4761
unique_vals,4.618093ms,4239
Gini,569.471µs,4239
unique_vals,8.34675ms,9000
Gini,1.765374ms,9000
unique_vals,4.150133ms,5228
Gini,876.632µs,5228
unique_vals,3.071925ms,3772
Gini,628.57µs,3772
unique_vals,8.025219ms,9000
Gini,2.064254ms,9000
unique_vals,4.88215ms,5410
Gini,743.586µs,5410
unique_vals,2.336439ms,3590
Gini,311.081µs,3590
unique_vals,5.910155ms,9000
Gini,1.195815ms,9000
unique_vals,3.682693ms,5722
Gini,836.566µs,5722
unique_vals,3.00451ms,3278
Gini,294.454µs,3278
unique_vals,5.945445ms,9000
Gini,1.660912ms,9000
unique_vals,4.635821ms,5948
Gini,783.834µs,5948
unique_vals,1.936409ms,3052
Gini,243.206µs,3052
unique_vals,6.920875ms,9000
Gini,1.193072ms,9000
unique_vals,3.985018ms,6248
Gini,894.209µs,6248
unique_vals,1.72304ms,2752
Gini,212.064µs,2752
unique_vals,5.780959ms,9000
Gini,1.220624ms,9000
unique_vals,4.040324ms,6471
Gini,1.014325ms,6471
unique_vals,2.232138ms,2529
Gini,308.229µs,2529
unique_vals,7.987745ms,9000
Gini,1.809951ms,9000
unique_vals,4.893356ms,6920
Gini,1.375621ms,6920
unique_vals,1.908363ms,2080
Gini,137.653µs,2080
unique_vals,6.097885ms,9000
Gini,1.683771ms,9000
unique_vals,5.662772ms,7037
Gini,933.781µs,7037
unique_vals,1.693752ms,1963
Gini,78.031µs,1963
unique_vals,7.231561ms,9000
Gini,1.553995ms,9000
unique_vals,6.610533ms,7165
Gini,1.396814ms,7165
unique_vals,1.409843ms,1835
Gini,116.779µs,1835
unique_vals,8.503543ms,9000
Gini,1.869254ms,9000
unique_vals,6.303436ms,7293
Gini,1.272739ms,7293
unique_vals,3.992633ms,1707
Gini,97.717µs,1707
unique_vals,7.207539ms,9000
Gini,1.218552ms,9000
unique_vals,4.738049ms,7484
Gini,990.514µs,7484
unique_vals,944.296µs,1516
Gini,58.83µs,1516
unique_vals,7.627299ms,9000
Gini,1.376596ms,9000
unique_vals,5.080152ms,7855
Gini,1.934324ms,7855
unique_vals,1.396123ms,1145
Gini,47.142µs,1145
unique_vals,5.69284ms,9000
Gini,2.684372ms,9000
unique_vals,5.124964ms,8016
Gini,1.102371ms,8016
unique_vals,652.377µs,984
Gini,53.522µs,984
unique_vals,10.531009ms,9000
Gini,1.366537ms,9000
unique_vals,10.453478ms,8205
Gini,1.635715ms,8205
unique_vals,759.269µs,795
Gini,42.395µs,795
unique_vals,8.120408ms,9000
Gini,1.772538ms,9000
unique_vals,7.393869ms,8341
Gini,1.695559ms,8341
unique_vals,616.794µs,659
Gini,43.738µs,659
unique_vals,7.671279ms,9000
Gini,1.797527ms,9000
unique_vals,7.319501ms,8466
Gini,1.769917ms,8466
unique_vals,479.032µs,534
Gini,35.483µs,534
unique_vals,7.73895ms,9000
Gini,1.221147ms,9000
unique_vals,5.35892ms,8637
Gini,1.148956ms,8637
unique_vals,230.995µs,363
Gini,15.016µs,363
unique_vals,5.705139ms,9000
Gini,1.192443ms,9000
unique_vals,5.748468ms,8696
Gini,1.996907ms,8696
unique_vals,206.544µs,304
Gini,13.195µs,304
unique_vals,5.822084ms,9000
Gini,1.309866ms,9000
unique_vals,6.634611ms,8752
Gini,1.211427ms,8752
unique_vals,168.474µs,248
Gini,10.763µs,248
unique_vals,7.150552ms,9000
Gini,1.222975ms,9000
unique_vals,5.46634ms,8802
Gini,1.176777ms,8802
unique_vals,133.138µs,198
Gini,8.81µs,198
unique_vals,5.624723ms,9000
Gini,1.325706ms,9000
unique_vals,9.824032ms,8915
Gini,1.81447ms,8915
unique_vals,136.785µs,85
Gini,7.95µs,85
unique_vals,10.318366ms,9000
Gini,1.815114ms,9000
unique_vals,315.121µs,303
Gini,14.16µs,303
unique_vals,7.791929ms,8697
Gini,1.401568ms,8697
unique_vals,10.17854ms,9000
Gini,1.377304ms,9000
unique_vals,2.131992ms,2013
Gini,79.838µs,2013
unique_vals,8.229002ms,6987
Gini,3.73087ms,6987
unique_vals,7.728284ms,9000
Gini,1.370763ms,9000
unique_vals,1.502532ms,2412
Gini,92.823µs,2412
unique_vals,4.562396ms,6588
Gini,874.556µs,6588
unique_vals,13.622251ms,9000
Gini,2.148614ms,9000
unique_vals,2.964682ms,2813
Gini,179.97µs,2813
unique_vals,8.141312ms,6187
Gini,1.300407ms,6187
unique_vals,10.440685ms,9000
Gini,1.400807ms,9000
unique_vals,3.046564ms,2863
Gini,222.923µs,2863
unique_vals,6.803558ms,6137
Gini,937.271µs,6137
unique_vals,9.2151ms,9000
Gini,1.881598ms,9000
unique_vals,2.807652ms,2935
Gini,189.244µs,2935
unique_vals,5.624551ms,6065
Gini,1.168448ms,6065
unique_vals,8.085384ms,9000
Gini,1.254165ms,9000
unique_vals,2.354123ms,3358
Gini,333.478µs,3358
unique_vals,4.125828ms,5642
Gini,559.046µs,5642
unique_vals,6.047443ms,9000
Gini,1.831211ms,9000
unique_vals,3.253592ms,3547
Gini,547.242µs,3547
unique_vals,3.563178ms,5453
Gini,590.56µs,5453
unique_vals,6.955372ms,9000
Gini,1.109067ms,9000
unique_vals,2.502499ms,3840
Gini,421.688µs,3840
unique_vals,3.588756ms,5160
Gini,480.708µs,5160
unique_vals,5.848595ms,9000
Gini,1.223077ms,9000
unique_vals,2.875228ms,4638
Gini,418.309µs,4638
unique_vals,4.256291ms,4362
Gini,710.599µs,4362
unique_vals,8.633079ms,9000
Gini,1.719394ms,9000
unique_vals,3.869793ms,5175
Gini,1.024921ms,5175
unique_vals,3.164299ms,3825
Gini,327.834µs,3825
unique_vals,7.231314ms,9000
Gini,2.56345ms,9000
unique_vals,4.228404ms,5867
Gini,1.163329ms,5867
unique_vals,2.837983ms,3133
Gini,402.056µs,3133
unique_vals,7.336224ms,9000
Gini,1.383222ms,9000
unique_vals,6.535393ms,6113
Gini,1.119023ms,6113
unique_vals,2.449127ms,2887
Gini,360.14µs,2887
unique_vals,7.877742ms,9000
Gini,1.837193ms,9000
unique_vals,5.564834ms,6230
Gini,1.60322ms,6230
unique_vals,2.123167ms,2770
Gini,213.531µs,2770
unique_vals,7.069249ms,9000
Gini,1.261875ms,9000
unique_vals,4.41035ms,6949
Gini,922.97µs,6949
unique_vals,1.306669ms,2051
Gini,128.621µs,2051
unique_vals,5.860779ms,9000
Gini,1.195943ms,9000
unique_vals,4.593082ms,7226
Gini,970.127µs,7226
unique_vals,1.230131ms,1774
Gini,66.523µs,1774
unique_vals,7.004721ms,9000
Gini,1.235345ms,9000
unique_vals,5.942711ms,7584
Gini,1.238306ms,7584
unique_vals,892.331µs,1416
Gini,62.478µs,1416
unique_vals,6.420823ms,9000
Gini,1.110999ms,9000
unique_vals,5.013067ms,7955
Gini,1.562404ms,7955
unique_vals,748.229µs,1045
Gini,42.186µs,1045
unique_vals,6.703177ms,9000
Gini,1.292557ms,9000
unique_vals,6.594794ms,8120
Gini,1.192382ms,8120
unique_vals,561.874µs,880
Gini,35.039µs,880
unique_vals,6.036324ms,9000
Gini,1.953126ms,9000
unique_vals,5.714815ms,8634
Gini,1.323355ms,8634
unique_vals,347.83µs,366
Gini,25.691µs,366
unique_vals,6.414362ms,9000
Gini,1.334995ms,9000
unique_vals,5.955517ms,8839
Gini,2.363918ms,8839
unique_vals,163.999µs,161
Gini,8.234µs,161
unique_vals,2.968894ms,2935
Gini,157.621µs,2935
unique_vals,50.282µs,62
Gini,3.396µs,62
unique_vals,1.703227ms,2873
Gini,102.821µs,2873
unique_vals,1.723489ms,2935
Gini,104.959µs,2935
unique_vals,157.248µs,231
Gini,9.791µs,231
unique_vals,1.569503ms,2704
Gini,96.396µs,2704
unique_vals,1.731154ms,2935
Gini,104.961µs,2935
unique_vals,166.497µs,280
Gini,10.966µs,280
unique_vals,1.565054ms,2655
Gini,94.618µs,2655
unique_vals,2.048045ms,2935
Gini,115.853µs,2935
unique_vals,468.84µs,517
Gini,35.483µs,517
unique_vals,2.003256ms,2418
Gini,97.037µs,2418
unique_vals,2.662453ms,2935
Gini,188.935µs,2935
unique_vals,538.872µs,639
Gini,28.934µs,639
unique_vals,1.592032ms,2296
Gini,127.594µs,2296
unique_vals,2.819907ms,2935
Gini,141.095µs,2935
unique_vals,624.589µs,944
Gini,37.789µs,944
unique_vals,1.376173ms,1991
Gini,78.854µs,1991
unique_vals,1.875606ms,2935
Gini,114.006µs,2935
unique_vals,731.271µs,1160
Gini,45.213µs,1160
unique_vals,1.108338ms,1775
Gini,68.704µs,1775
unique_vals,2.221215ms,2935
Gini,333.021µs,2935
unique_vals,1.35872ms,1628
Gini,66.186µs,1628
unique_vals,866.876µs,1307
Gini,52.135µs,1307
unique_vals,1.947014ms,2935
Gini,135.811µs,2935
unique_vals,1.407991ms,2115
Gini,82.691µs,2115
unique_vals,523.41µs,820
Gini,32.292µs,820
unique_vals,1.976348ms,2935
Gini,140.879µs,2935
unique_vals,1.672724ms,2304
Gini,148.062µs,2304
unique_vals,669.638µs,631
Gini,54.651µs,631
unique_vals,2.021436ms,2935
Gini,114.716µs,2935
unique_vals,1.538866ms,2376
Gini,92.994µs,2376
unique_vals,565.498µs,559
Gini,44.531µs,559
unique_vals,1.954417ms,2935
Gini,137.5µs,2935
unique_vals,1.980182ms,2654
Gini,129.709µs,2654
unique_vals,194.275µs,281
Gini,19.826µs,281
unique_vals,2.933263ms,2935
Gini,162.634µs,2935
unique_vals,2.283592ms,2770
Gini,170.878µs,2770
unique_vals,148.295µs,165
Gini,13.131µs,165
unique_vals,2.488231ms,2935
Gini,144.973µs,2935
unique_vals,2.341736ms,2889
Gini,119.623µs,2889
unique_vals,43.27µs,46
Gini,4.627µs,46
unique_vals,1.907363ms,2935
Gini,115.73µs,2935
unique_vals,40.969µs,49
Gini,3.046µs,49
unique_vals,2.014216ms,2886
Gini,114.098µs,2886
unique_vals,2.40152ms,2935
Gini,206.852µs,2935
unique_vals,106.523µs,98
Gini,8.558µs,98
unique_vals,2.167544ms,2837
Gini,103.937µs,2837
unique_vals,1.75884ms,2935
Gini,105.521µs,2935
unique_vals,308.13µs,468
Gini,17.774µs,468
unique_vals,1.423257ms,2467
Gini,88.115µs,2467
unique_vals,1.759889ms,2935
Gini,105.287µs,2935
unique_vals,406.67µs,696
Gini,25.603µs,696
unique_vals,1.345883ms,2239
Gini,80.279µs,2239
unique_vals,2.149875ms,2935
Gini,184.681µs,2935
unique_vals,890.981µs,1003
Gini,64.449µs,1003
unique_vals,1.692638ms,1932
Gini,128.548µs,1932
unique_vals,2.264369ms,2935
Gini,115.451µs,2935
unique_vals,766.42µs,1107
Gini,44.605µs,1107
unique_vals,1.275271ms,1828
Gini,116.741µs,1828
unique_vals,2.226715ms,2935
Gini,114.838µs,2935
unique_vals,1.055317ms,1635
Gini,64.083µs,1635
unique_vals,808.701µs,1300
Gini,50.518µs,1300
unique_vals,1.903333ms,2935
Gini,113.862µs,2935
unique_vals,1.24689ms,2005
Gini,77.192µs,2005
unique_vals,611.739µs,930
Gini,37.153µs,930
unique_vals,2.838554ms,2935
Gini,207.47µs,2935
unique_vals,1.675435ms,2172
Gini,85.27µs,2172
unique_vals,482.613µs,763
Gini,30.487µs,763
unique_vals,1.936102ms,2935
Gini,114.139µs,2935
unique_vals,1.559385ms,2357
Gini,92.394µs,2357
unique_vals,428.883µs,578
Gini,31.9µs,578
unique_vals,2.024383ms,2935
Gini,114.618µs,2935
unique_vals,2.105312ms,2601
Gini,250.836µs,2601
unique_vals,357.046µs,334
Gini,22.924µs,334
unique_vals,1.877488ms,2935
Gini,127.59µs,2935
unique_vals,1.742456ms,2712
Gini,106.158µs,2712
unique_vals,149.63µs,223
Gini,9.525µs,223
unique_vals,2.106265ms,2935
Gini,114.825µs,2935
unique_vals,1.87824ms,2758
Gini,108.013µs,2758
unique_vals,158.578µs,177
Gini,8.823µs,177
unique_vals,2.077981ms,2935
Gini,134.286µs,2935
unique_vals,1.793962ms,2828
Gini,110.495µs,2828
unique_vals,87.403µs,107
Gini,5.365µs,107
unique_vals,2.375674ms,2935
Gini,116.804µs,2935
unique_vals,1.861666ms,2878
Gini,114.201µs,2878
unique_vals,47.772µs,57
Gini,3.278µs,57
unique_vals,1.920596ms,2935
Gini,116.952µs,2935
unique_vals,55.265µs,70
Gini,4.147µs,70
unique_vals,1.873679ms,2865
Gini,104.315µs,2865
unique_vals,1.711521ms,2935
Gini,104.86µs,2935
unique_vals,82.724µs,132
Gini,5.582µs,132
unique_vals,1.655613ms,2803
Gini,99.877µs,2803
unique_vals,2.562844ms,2935
Gini,114.877µs,2935
unique_vals,162.141µs,243
Gini,10.285µs,243
unique_vals,1.838013ms,2692
Gini,105.785µs,2692
unique_vals,1.738784ms,2935
Gini,105.61µs,2935
unique_vals,379.862µs,646
Gini,23.791µs,646
unique_vals,1.348799ms,2289
Gini,81.764µs,2289
unique_vals,1.815996ms,2935
Gini,105.33µs,2935
unique_vals,898.468µs,1364
Gini,89.277µs,1364
unique_vals,2.128141ms,1571
Gini,63.244µs,1571
unique_vals,1.937884ms,2935
Gini,106.633µs,2935
unique_vals,1.328897ms,2162
Gini,78.43µs,2162
unique_vals,454.888µs,773
Gini,28.385µs,773
unique_vals,1.877744ms,2935
Gini,113.853µs,2935
unique_vals,1.627201ms,2605
Gini,130.229µs,2605
unique_vals,211.515µs,330
Gini,13.521µs,330
unique_vals,3.182548ms,2935
Gini,250.656µs,2935
unique_vals,2.451438ms,2827
Gini,145.075µs,2827
unique_vals,90.181µs,108
Gini,8.512µs,108
unique_vals,2.678926ms,2935
Gini,263.611µs,2935
unique_vals,459.384µs,303
Gini,71.596µs,303
unique_vals,1.831099ms,2632
Gini,103.382µs,2632
unique_vals,1.788152ms,2935
Gini,106.04µs,2935
unique_vals,1.172234ms,2013
Gini,72.027µs,2013
unique_vals,535.341µs,922
Gini,33.539µs,922
unique_vals,1.77469ms,2935
Gini,105.268µs,2935
unique_vals,1.393365ms,2412
Gini,168.196µs,2412
unique_vals,507.85µs,523
Gini,36.587µs,523
unique_vals,2.192118ms,2935
Gini,106.842µs,2935
unique_vals,1.624099ms,2813
Gini,100.379µs,2813
unique_vals,76.166µs,122
Gini,5.26µs,122
unique_vals,1.719856ms,2935
Gini,105.969µs,2935
unique_vals,1.664096ms,2863
Gini,102.086µs,2863
unique_vals,46.878µs,72
Gini,3.434µs,72
unique_vals,5.648565ms,6065
Gini,645.107µs,6065
unique_vals,121.785µs,133
Gini,14.238µs,133
unique_vals,4.051406ms,5932
Gini,567.536µs,5932
unique_vals,4.698119ms,6065
Gini,914.781µs,6065
unique_vals,189.794µs,261
Gini,24.16µs,261
unique_vals,3.659742ms,5804
Gini,551.469µs,5804
unique_vals,4.110692ms,6065
Gini,1.147563ms,6065
unique_vals,483.06µs,327
Gini,47.48µs,327
unique_vals,4.271323ms,5738
Gini,614.001µs,5738
unique_vals,4.251223ms,6065
Gini,791.314µs,6065
unique_vals,520.967µs,379
Gini,52.284µs,379
unique_vals,4.871795ms,5686
Gini,569.343µs,5686
unique_vals,4.248687ms,6065
Gini,601.937µs,6065
unique_vals,328.256µs,428
Gini,39.152µs,428
unique_vals,5.076147ms,5637
Gini,601.255µs,5637
unique_vals,3.575027ms,6065
Gini,535.147µs,6065
unique_vals,445.068µs,718
Gini,53.796µs,718
unique_vals,4.110276ms,5347
Gini,677.655µs,5347
unique_vals,3.588716ms,6065
Gini,599.21µs,6065
unique_vals,663.089µs,1131
Gini,85.105µs,1131
unique_vals,2.893918ms,4934
Gini,425.825µs,4934
unique_vals,3.532867ms,6065
Gini,534.651µs,6065
unique_vals,928.143µs,1478
Gini,111.633µs,1478
unique_vals,2.641623ms,4587
Gini,390.562µs,4587
unique_vals,4.518586ms,6065
Gini,535.97µs,6065
unique_vals,1.05952ms,1824
Gini,141.136µs,1824
unique_vals,2.522747ms,4241
Gini,359.615µs,4241
unique_vals,4.417381ms,6065
Gini,822.153µs,6065
unique_vals,1.206846ms,1996
Gini,155.537µs,1996
unique_vals,2.402338ms,4069
Gini,380.711µs,4069
unique_vals,3.557605ms,6065
Gini,537.581µs,6065
unique_vals,1.556437ms,2356
Gini,311.532µs,2356
unique_vals,3.442773ms,3709
Gini,382.524µs,3709
unique_vals,3.556596ms,6065
Gini,534.96µs,6065
unique_vals,1.842226ms,2716
Gini,215.719µs,2716
unique_vals,2.140143ms,3349
Gini,396.475µs,3349
unique_vals,4.808402ms,6065
Gini,836.871µs,6065
unique_vals,2.018673ms,2958
Gini,255.82µs,2958
unique_vals,3.015068ms,3107
Gini,416.957µs,3107
unique_vals,3.822709ms,6065
Gini,576.386µs,6065
unique_vals,2.211841ms,3476
Gini,320.584µs,3476
unique_vals,1.707717ms,2589
Gini,314.105µs,2589
unique_vals,3.888716ms,6065
Gini,574.218µs,6065
unique_vals,2.796195ms,3894
Gini,405.225µs,3894
unique_vals,1.471905ms,2171
Gini,207.231µs,2171
unique_vals,4.102878ms,6065
Gini,556.838µs,6065
unique_vals,2.726717ms,4175
Gini,429.163µs,4175
unique_vals,1.305324ms,1890
Gini,171.689µs,1890
unique_vals,4.058889ms,6065
Gini,619.574µs,6065
unique_vals,2.990353ms,4291
Gini,408.125µs,4291
unique_vals,1.463622ms,1774
Gini,237.188µs,1774
unique_vals,4.08968ms,6065
Gini,635.999µs,6065
unique_vals,2.889247ms,4847
Gini,414.693µs,4847
unique_vals,709.31µs,1218
Gini,92.548µs,1218
unique_vals,4.622512ms,6065
Gini,536.399µs,6065
unique_vals,3.114164ms,5043
Gini,435.158µs,5043
unique_vals,597.862µs,1022
Gini,90.827µs,1022
unique_vals,4.840102ms,6065
Gini,536.74µs,6065
unique_vals,3.09241ms,5268
Gini,455.66µs,5268
unique_vals,468.314µs,797
Gini,59.457µs,797
unique_vals,3.558594ms,6065
Gini,556.562µs,6065
unique_vals,4.079097ms,5328
Gini,460.714µs,5328
unique_vals,436.714µs,737
Gini,27.102µs,737
unique_vals,3.579451ms,6065
Gini,534.833µs,6065
unique_vals,3.176195ms,5398
Gini,535.68µs,5398
unique_vals,564.305µs,667
Gini,45.12µs,667
unique_vals,3.593445ms,6065
Gini,538.055µs,6065
unique_vals,3.247263ms,5581
Gini,488.107µs,5581
unique_vals,284.878µs,484
Gini,18.121µs,484
unique_vals,3.641098ms,6065
Gini,536.337µs,6065
unique_vals,3.32707ms,5640
Gini,494.081µs,5640
unique_vals,253.56µs,425
Gini,16.128µs,425
unique_vals,4.961229ms,6065
Gini,644.481µs,6065
unique_vals,4.342078ms,5703
Gini,786.825µs,5703
unique_vals,340.623µs,362
Gini,25.065µs,362
unique_vals,6.846503ms,6065
Gini,614.692µs,6065
unique_vals,4.284694ms,5753
Gini,543.289µs,5753
unique_vals,206.795µs,312
Gini,12.989µs,312
unique_vals,4.990124ms,6065
Gini,578.076µs,6065
unique_vals,3.796318ms,6009
Gini,571.681µs,6009
unique_vals,54.781µs,56
Gini,5.715µs,56
unique_vals,3.965631ms,6065
Gini,647.34µs,6065
unique_vals,75.517µs,64
Gini,6.576µs,64
unique_vals,5.762503ms,6001
Gini,759.687µs,6001
unique_vals,4.173273ms,6065
Gini,591.561µs,6065
unique_vals,166.832µs,246
Gini,22.116µs,246
unique_vals,5.25971ms,5819
Gini,671.702µs,5819
unique_vals,4.147325ms,6065
Gini,601.119µs,6065
unique_vals,299.284µs,433
Gini,37.448µs,433
unique_vals,4.289893ms,5632
Gini,633.784µs,5632
unique_vals,3.557934ms,6065
Gini,535.163µs,6065
unique_vals,363.152µs,615
Gini,46.379µs,615
unique_vals,3.229071ms,5450
Gini,477.98µs,5450
unique_vals,3.622682ms,6065
Gini,544.836µs,6065
unique_vals,646.358µs,1111
Gini,90.299µs,1111
unique_vals,2.85488ms,4954
Gini,435.79µs,4954
unique_vals,5.102848ms,6065
Gini,537.09µs,6065
unique_vals,885.837µs,1411
Gini,116.804µs,1411
unique_vals,2.755823ms,4654
Gini,407.313µs,4654
unique_vals,4.756282ms,6065
Gini,599.27µs,6065
unique_vals,1.121975ms,1928
Gini,161.183µs,1928
unique_vals,2.380839ms,4137
Gini,359.659µs,4137
unique_vals,3.699533ms,6065
Gini,645.412µs,6065
unique_vals,2.684278ms,2737
Gini,308.881µs,2737
unique_vals,2.013612ms,3328
Gini,291.324µs,3328
unique_vals,3.588433ms,6065
Gini,548.503µs,6065
unique_vals,1.930152ms,3330
Gini,283.061µs,3330
unique_vals,2.182405ms,2735
Gini,416.966µs,2735
unique_vals,4.223414ms,6065
Gini,594.101µs,6065
unique_vals,3.738505ms,4482
Gini,620.17µs,4482
unique_vals,1.585571ms,1583
Gini,241.309µs,1583
unique_vals,4.780263ms,6065
Gini,576.369µs,6065
unique_vals,3.2787ms,4985
Gini,516.287µs,4985
unique_vals,1.209302ms,1080
Gini,250.638µs,1080
unique_vals,4.017776ms,6065
Gini,576.619µs,6065
unique_vals,3.748078ms,5482
Gini,518.437µs,5482
unique_vals,376.232µs,583
Gini,79.947µs,583
unique_vals,4.066647ms,6065
Gini,590.571µs,6065
unique_vals,3.76216ms,5713
Gini,544.047µs,5713
unique_vals,239.794µs,352
Gini,30.734µs,352
unique_vals,4.234765ms,6065
Gini,605.466µs,6065
unique_vals,4.016296ms,5908
Gini,559.681µs,5908
unique_vals,171.795µs,157
Gini,8.128µs,157
unique_vals,4.184214ms,6065
Gini,625.2µs,6065
unique_vals,4.051875ms,5958
Gini,591.479µs,5958
unique_vals,85.839µs,107
Gini,5.705µs,107
unique_vals,4.614246ms,6065
Gini,774.29µs,6065
unique_vals,60.089µs,66
Gini,4.205µs,66
unique_vals,3.763382ms,5999
Gini,606.967µs,5999
unique_vals,4.25936ms,6065
Gini,942.013µs,6065
unique_vals,304.095µs,201
Gini,33.279µs,201
unique_vals,4.280015ms,5864
Gini,559.656µs,5864
unique_vals,4.09604ms,6065
Gini,635.576µs,6065
unique_vals,219.317µs,316
Gini,13.438µs,316
unique_vals,4.667919ms,5749
Gini,565.68µs,5749
unique_vals,3.80311ms,6065
Gini,573.789µs,6065
unique_vals,275.461µs,433
Gini,26.3µs,433
unique_vals,5.005048ms,5632
Gini,551.612µs,5632
unique_vals,5.078747ms,6065
Gini,841.082µs,6065
unique_vals,449.482µs,491
Gini,33.649µs,491
unique_vals,5.186234ms,5574
Gini,769.606µs,5574
unique_vals,4.765349ms,6065
Gini,825.287µs,6065
unique_vals,609.395µs,544
Gini,38.032µs,544
unique_vals,4.45849ms,5521
Gini,523.626µs,5521
unique_vals,3.8912ms,6065
Gini,848.899µs,6065
unique_vals,656.173µs,733
Gini,46.876µs,733
unique_vals,5.183629ms,5332
Gini,810.528µs,5332
unique_vals,5.610332ms,6065
Gini,1.112931ms,6065
unique_vals,792.524µs,1039
Gini,68.594µs,1039
unique_vals,4.361854ms,5026
Gini,754.973µs,5026
unique_vals,5.437853ms,6065
Gini,627.188µs,6065
unique_vals,1.090475ms,1196
Gini,48.724µs,1196
unique_vals,4.114514ms,4869
Gini,661.38µs,4869
unique_vals,5.719057ms,6065
Gini,859.594µs,6065
unique_vals,1.372238ms,1451
Gini,58.775µs,1451
unique_vals,2.976059ms,4614
Gini,580.9µs,4614
unique_vals,4.645804ms,6065
Gini,575.487µs,6065
unique_vals,970.123µs,1552
Gini,60.276µs,1552
unique_vals,2.934501ms,4513
Gini,401.936µs,4513
unique_vals,4.097643ms,6065
Gini,575.197µs,6065
unique_vals,1.207027ms,1826
Gini,71.696µs,1826
unique_vals,2.631518ms,4239
Gini,369.381µs,4239
unique_vals,4.782857ms,6065
Gini,579.588µs,6065
unique_vals,1.378717ms,2293
Gini,203.15µs,2293
unique_vals,2.43108ms,3772
Gini,318.777µs,3772
unique_vals,4.653602ms,6065
Gini,942.563µs,6065
unique_vals,1.57967ms,2475
Gini,190.551µs,2475
unique_vals,2.260363ms,3590
Gini,297.068µs,3590
unique_vals,3.778136ms,6065
Gini,633.643µs,6065
unique_vals,2.568435ms,2787
Gini,422.801µs,2787
unique_vals,2.175407ms,3278
Gini,262.155µs,3278
unique_vals,3.587335ms,6065
Gini,535.437µs,6065
unique_vals,2.039009ms,3013
Gini,218.974µs,3013
unique_vals,3.494233ms,3052
Gini,241.278µs,3052
unique_vals,3.558781ms,6065
Gini,535.126µs,6065
unique_vals,1.9118ms,3313
Gini,279.372µs,3313
unique_vals,1.887281ms,2752
Gini,337.697µs,2752
unique_vals,5.059789ms,6065
Gini,586.25µs,6065
unique_vals,4.101151ms,3536
Gini,1.094999ms,3536
unique_vals,2.341399ms,2529
Gini,341.564µs,2529
unique_vals,3.845618ms,6065
Gini,577.644µs,6065
unique_vals,3.230762ms,3985
Gini,584.751µs,3985
unique_vals,2.201834ms,2080
Gini,135.497µs,2080
unique_vals,3.873933ms,6065
Gini,577.83µs,6065
unique_vals,3.751726ms,4102
Gini,603.453µs,4102
unique_vals,1.911639ms,1963
Gini,127.353µs,1963
unique_vals,4.014555ms,6065
Gini,595.402µs,6065
unique_vals,3.382178ms,4230
Gini,757.202µs,4230
unique_vals,1.34266ms,1835
Gini,76.69µs,1835
unique_vals,4.157942ms,6065
Gini,644.615µs,6065
unique_vals,3.346909ms,4358
Gini,700.168µs,4358
unique_vals,1.585314ms,1707
Gini,107.329µs,1707
unique_vals,3.952077ms,6065
Gini,599.308µs,6065
unique_vals,3.125046ms,4549
Gini,418.035µs,4549
unique_vals,1.14204ms,1516
Gini,130.964µs,1516
unique_vals,3.780699ms,6065
Gini,536.531µs,6065
unique_vals,2.835515ms,4920
Gini,415.762µs,4920
unique_vals,663.226µs,1145
Gini,41.818µs,1145
unique_vals,3.57375ms,6065
Gini,549.532µs,6065
unique_vals,3.019863ms,5081
Gini,433.433µs,5081
unique_vals,572.376µs,984
Gini,35.762µs,984
unique_vals,4.996664ms,6065
Gini,577.398µs,6065
unique_vals,3.068761ms,5270
Gini,453.514µs,5270
unique_vals,463.1µs,795
Gini,29.086µs,795
unique_vals,4.030978ms,6065
Gini,1.112101ms,6065
unique_vals,3.435998ms,5406
Gini,471.021µs,5406
unique_vals,388.41µs,659
Gini,24.372µs,659
unique_vals,3.562433ms,6065
Gini,556.964µs,6065
unique_vals,4.466425ms,5531
Gini,548.635µs,5531
unique_vals,362.181µs,534
Gini,20.785µs,534
unique_vals,3.526582ms,6065
Gini,534.41µs,6065
unique_vals,3.347228ms,5702
Gini,502.22µs,5702
unique_vals,214.59µs,363
Gini,14.001µs,363
unique_vals,4.680582ms,6065
Gini,838.643µs,6065
unique_vals,4.27789ms,5761
Gini,898.841µs,5761
unique_vals,352.102µs,304
Gini,23.139µs,304
unique_vals,3.901247ms,6065
Gini,575.621µs,6065
unique_vals,3.724785ms,5817
Gini,560.955µs,5817
unique_vals,166.084µs,248
Gini,10.424µs,248
unique_vals,3.947369ms,6065
Gini,612.958µs,6065
unique_vals,3.846076ms,5867
Gini,583.685µs,5867
unique_vals,136.481µs,198
Gini,8.87µs,198
unique_vals,4.052927ms,6065
Gini,577.721µs,6065
unique_vals,3.799041ms,5980
Gini,571.476µs,5980
unique_vals,66.078µs,85
Gini,4.323µs,85
unique_vals,4.759775ms,6065
Gini,1.118325ms,6065
unique_vals,307.513µs,423
Gini,18.214µs,423
unique_vals,3.71005ms,5642
Gini,563.245µs,5642
unique_vals,3.538436ms,6065
Gini,646.732µs,6065
unique_vals,450.364µs,612
Gini,25.697µs,612
unique_vals,4.218891ms,5453
Gini,476.88µs,5453
unique_vals,3.590796ms,6065
Gini,535.298µs,6065
unique_vals,526.51µs,905
Gini,32.986µs,905
unique_vals,3.214517ms,5160
Gini,864.624µs,5160
unique_vals,3.644561ms,6065
Gini,535.17µs,6065
unique_vals,987.464µs,1703
Gini,61.111µs,1703
unique_vals,2.539809ms,4362
Gini,358.479µs,4362
unique_vals,3.530661ms,6065
Gini,600.107µs,6065
unique_vals,1.298497ms,2240
Gini,159.529µs,2240
unique_vals,2.203997ms,3825
Gini,300.5µs,3825
unique_vals,4.888454ms,6065
Gini,535.802µs,6065
unique_vals,1.710198ms,2932
Gini,211.268µs,2932
unique_vals,1.861601ms,3133
Gini,231.238µs,3133
unique_vals,3.855418ms,6065
Gini,738.298µs,6065
unique_vals,2.636712ms,3178
Gini,232.79µs,3178
unique_vals,1.682384ms,2887
Gini,207.134µs,2887
unique_vals,3.502908ms,6065
Gini,611.86µs,6065
unique_vals,2.073496ms,3295
Gini,265.286µs,3295
unique_vals,2.61746ms,2770
Gini,234.553µs,2770
unique_vals,5.163233ms,6065
Gini,678.979µs,6065
unique_vals,4.165336ms,4014
Gini,396.835µs,4014
unique_vals,1.661977ms,2051
Gini,81.311µs,2051
unique_vals,3.890995ms,6065
Gini,598.076µs,6065
unique_vals,3.17527ms,4291
Gini,584.395µs,4291
unique_vals,1.349104ms,1774
Gini,70.742µs,1774
unique_vals,3.874414ms,6065
Gini,576.568µs,6065
unique_vals,3.04571ms,4649
Gini,417.23µs,4649
unique_vals,1.232784ms,1416
Gini,93.825µs,1416
unique_vals,4.126218ms,6065
Gini,569.427µs,6065
unique_vals,3.250142ms,5020
Gini,540.982µs,5020
unique_vals,717.525µs,1045
Gini,41.893µs,1045
unique_vals,4.117449ms,6065
Gini,577.789µs,6065
unique_vals,3.953151ms,5185
Gini,486.834µs,5185
unique_vals,879.542µs,880
Gini,37.594µs,880
unique_vals,4.65744ms,6065
Gini,595.591µs,6065
unique_vals,3.867349ms,5699
Gini,591.063µs,5699
unique_vals,270.809µs,366
Gini,16.224µs,366
unique_vals,3.56469ms,6065
Gini,535.359µs,6065
unique_vals,3.40134ms,5904
Gini,519.083µs,5904
unique_vals,98.184µs,161
Gini,6.715µs,161
unique_vals,2.087629ms,3178
Gini,233.47µs,3178
unique_vals,51.278µs,71
Gini,3.473µs,71
unique_vals,1.799813ms,3107
Gini,225.777µs,3107
unique_vals,1.982365ms,3178
Gini,405.958µs,3178
unique_vals,337.602µs,199
Gini,15.506µs,199
unique_vals,2.677629ms,2979
Gini,218.998µs,2979
unique_vals,1.867784ms,3178
Gini,231.045µs,3178
unique_vals,157.614µs,265
Gini,10.221µs,265
unique_vals,1.784493ms,2913
Gini,213.12µs,2913
unique_vals,1.88376ms,3178
Gini,240.51µs,3178
unique_vals,190.054µs,317
Gini,12.199µs,317
unique_vals,1.849899ms,2861
Gini,236.667µs,2861
unique_vals,1.952823ms,3178
Gini,232.456µs,3178
unique_vals,217.271µs,366
Gini,14.132µs,366
unique_vals,1.6484ms,2812
Gini,205.561µs,2812
unique_vals,1.8942ms,3178
Gini,231.856µs,3178
unique_vals,388.7µs,656
Gini,24.32µs,656
unique_vals,1.468681ms,2522
Gini,185.069µs,2522
unique_vals,2.739239ms,3178
Gini,233.275µs,3178
unique_vals,587.616µs,1002
Gini,36.68µs,1002
unique_vals,1.258261ms,2176
Gini,190.192µs,2176
unique_vals,1.903319ms,3178
Gini,231.533µs,3178
unique_vals,751.317µs,1295
Gini,46.898µs,1295
unique_vals,1.116455ms,1883
Gini,140.739µs,1883
unique_vals,1.980188ms,3178
Gini,266.141µs,3178
unique_vals,944.142µs,1474
Gini,303.161µs,1474
unique_vals,1.92365ms,1704
Gini,187.922µs,1704
unique_vals,2.443645ms,3178
Gini,251.388µs,3178
unique_vals,1.180405ms,1531
Gini,99.618µs,1531
unique_vals,1.452399ms,1647
Gini,211.514µs,1647
unique_vals,2.436315ms,3178
Gini,450.203µs,3178
unique_vals,1.84522ms,1836
Gini,157.28µs,1836
unique_vals,845.54µs,1342
Gini,109.662µs,1342
unique_vals,2.044668ms,3178
Gini,249.7µs,3178
unique_vals,1.329892ms,2136
Gini,165.973µs,2136
unique_vals,697.96µs,1042
Gini,84.092µs,1042
unique_vals,2.742196ms,3178
Gini,402.862µs,3178
unique_vals,1.571783ms,2259
Gini,180.215µs,2259
unique_vals,584.99µs,919
Gini,74.918µs,919
unique_vals,2.041697ms,3178
Gini,249.481µs,3178
unique_vals,1.595926ms,2474
Gini,194.771µs,2474
unique_vals,449.354µs,704
Gini,57.104µs,704
unique_vals,2.163073ms,3178
Gini,396.277µs,3178
unique_vals,3.032222ms,2578
Gini,212.131µs,2578
unique_vals,414.445µs,600
Gini,49.882µs,600
unique_vals,2.226363ms,3178
Gini,251.236µs,3178
unique_vals,1.748427ms,2633
Gini,204.825µs,2633
unique_vals,348.29µs,545
Gini,41.574µs,545
unique_vals,2.270075ms,3178
Gini,397.617µs,3178
unique_vals,3.107282ms,2749
Gini,216.857µs,2749
unique_vals,362.494µs,429
Gini,45.305µs,429
unique_vals,2.229156ms,3178
Gini,280.324µs,3178
unique_vals,1.849419ms,2941
Gini,243.94µs,2941
unique_vals,157.993µs,237
Gini,22.316µs,237
unique_vals,2.67127ms,3178
Gini,408.057µs,3178
unique_vals,2.962082ms,2999
Gini,242.209µs,2999
unique_vals,135.712µs,179
Gini,29.06µs,179
unique_vals,2.142684ms,3178
Gini,316.607µs,3178
unique_vals,2.024434ms,3055
Gini,243.18µs,3055
unique_vals,92.643µs,123
Gini,13.4µs,123
unique_vals,2.040818ms,3178
Gini,232.485µs,3178
unique_vals,2.960518ms,3115
Gini,261.889µs,3115
unique_vals,50.209µs,63
Gini,3.467µs,63
unique_vals,1.876559ms,3178
Gini,231.355µs,3178
unique_vals,43.601µs,64
Gini,3.128µs,64
unique_vals,1.796855ms,3114
Gini,226.227µs,3114
unique_vals,2.817832ms,3178
Gini,233.043µs,3178
unique_vals,152.86µs,246
Gini,77.588µs,246
unique_vals,1.695348ms,2932
Gini,211.782µs,2932
unique_vals,1.888009ms,3178
Gini,231.193µs,3178
unique_vals,258.742µs,433
Gini,33.81µs,433
unique_vals,1.584237ms,2745
Gini,272.125µs,2745
unique_vals,1.887656ms,3178
Gini,230.79µs,3178
unique_vals,466.536µs,615
Gini,47.09µs,615
unique_vals,2.70237ms,2563
Gini,201.723µs,2563
unique_vals,1.902085ms,3178
Gini,231.725µs,3178
unique_vals,528.665µs,867
Gini,73.466µs,867
unique_vals,1.335741ms,2311
Gini,168.406µs,2311
unique_vals,1.865973ms,3178
Gini,231.018µs,3178
unique_vals,629.418µs,1082
Gini,103.103µs,1082
unique_vals,1.211145ms,2096
Gini,151.039µs,2096
unique_vals,1.885027ms,3178
Gini,231.974µs,3178
unique_vals,806.456µs,1386
Gini,102.16µs,1386
unique_vals,1.093635ms,1792
Gini,131.183µs,1792
unique_vals,1.917126ms,3178
Gini,231.203µs,3178
unique_vals,1.022435ms,1763
Gini,157.319µs,1763
unique_vals,831.603µs,1415
Gini,102.143µs,1415
unique_vals,2.849493ms,3178
Gini,233.038µs,3178
unique_vals,1.338299ms,2236
Gini,163.136µs,2236
unique_vals,549.338µs,942
Gini,69.439µs,942
unique_vals,2.126151ms,3178
Gini,232.327µs,3178
unique_vals,1.662792ms,2689
Gini,197.923µs,2689
unique_vals,292.007µs,489
Gini,18.381µs,489
unique_vals,1.870378ms,3178
Gini,243.15µs,3178
unique_vals,2.699161ms,2937
Gini,291.677µs,2937
unique_vals,152.055µs,241
Gini,9.761µs,241
unique_vals,1.869157ms,3178
Gini,231.278µs,3178
unique_vals,2.039151ms,3056
Gini,242.197µs,3056
unique_vals,86.844µs,122
Gini,5.862µs,122
unique_vals,2.295761ms,3178
Gini,410.22µs,3178
unique_vals,3.038873ms,3119
Gini,544.034µs,3119
unique_vals,75.712µs,59
Gini,5.648µs,59
unique_vals,2.13767ms,3178
Gini,292.901µs,3178
unique_vals,54.708µs,66
Gini,3.776µs,66
unique_vals,2.274953ms,3112
Gini,412.839µs,3112
unique_vals,2.282014ms,3178
Gini,316.918µs,3178
unique_vals,186.192µs,201
Gini,12.56µs,201
unique_vals,2.316698ms,2977
Gini,235.563µs,2977
unique_vals,2.838039ms,3178
Gini,465.554µs,3178
unique_vals,537.904µs,316
Gini,23.754µs,316
unique_vals,2.804799ms,2862
Gini,364.071µs,2862
unique_vals,2.723119ms,3178
Gini,395.762µs,3178
unique_vals,397.851µs,433
Gini,28.921µs,433
unique_vals,2.378277ms,2745
Gini,219.182µs,2745
unique_vals,3.340332ms,3178
Gini,398.673µs,3178
unique_vals,432.69µs,491
Gini,20.866µs,491
unique_vals,2.007917ms,2687
Gini,283.631µs,2687
unique_vals,2.549676ms,3178
Gini,421.189µs,3178
unique_vals,509.248µs,544
Gini,37.39µs,544
unique_vals,2.246541ms,2634
Gini,499.943µs,2634
unique_vals,2.449349ms,3178
Gini,395.427µs,3178
unique_vals,666.139µs,733
Gini,49.712µs,733
unique_vals,2.049823ms,2445
Gini,316.954µs,2445
unique_vals,2.444725ms,3178
Gini,436.76µs,3178
unique_vals,1.061218ms,1039
Gini,166.766µs,1039
unique_vals,2.256912ms,2139
Gini,331.394µs,2139
unique_vals,3.004144ms,3178
Gini,403.159µs,3178
unique_vals,1.243138ms,1196
Gini,78.932µs,1196
unique_vals,1.761157ms,1982
Gini,251.52µs,1982
unique_vals,2.827985ms,3178
Gini,400.669µs,3178
unique_vals,1.281006ms,1451
Gini,61.224µs,1451
unique_vals,1.185404ms,1727
Gini,144.536µs,1727
unique_vals,2.094765ms,3178
Gini,252.257µs,3178
unique_vals,1.041703ms,1552
Gini,62.15µs,1552
unique_vals,1.079349ms,1626
Gini,142.291µs,1626
unique_vals,2.017673ms,3178
Gini,255.034µs,3178
unique_vals,1.297855ms,1826
Gini,72.529µs,1826
unique_vals,889.512µs,1352
Gini,112.37µs,1352
unique_vals,2.07945ms,3178
Gini,250.606µs,3178
unique_vals,1.566064ms,2231
Gini,92.074µs,2231
unique_vals,675.154µs,947
Gini,82.401µs,947
unique_vals,2.082677ms,3178
Gini,250.403µs,3178
unique_vals,1.523787ms,2413
Gini,153.527µs,2413
unique_vals,489.752µs,765
Gini,68.041µs,765
unique_vals,2.010682ms,3178
Gini,261.799µs,3178
unique_vals,1.850159ms,2725
Gini,108.115µs,2725
unique_vals,318.195µs,453
Gini,44.908µs,453
unique_vals,2.935471ms,3178
Gini,404.519µs,3178
unique_vals,1.835415ms,2783
Gini,130.685µs,2783
unique_vals,293.645µs,395
Gini,39.208µs,395
unique_vals,2.05987ms,3178
Gini,250.302µs,3178
unique_vals,1.839899ms,2898
Gini,112.806µs,2898
unique_vals,184.481µs,280
Gini,25.768µs,280
unique_vals,1.981071ms,3178
Gini,232.816µs,3178
unique_vals,1.74393ms,2953
Gini,209.423µs,2953
unique_vals,136.1µs,225
Gini,19.47µs,225
unique_vals,1.848756ms,3178
Gini,230.961µs,3178
unique_vals,1.827573ms,3057
Gini,218.144µs,3057
unique_vals,76.004µs,121
Gini,5.101µs,121
unique_vals,2.500148ms,3178
Gini,512.44µs,3178
unique_vals,2.072157ms,3115
Gini,226.066µs,3115
unique_vals,46.734µs,63
Gini,3.278µs,63
unique_vals,1.887355ms,3178
Gini,231.425µs,3178
unique_vals,252.65µs,423
Gini,16.08µs,423
unique_vals,1.609677ms,2755
Gini,201.161µs,2755
unique_vals,2.668661ms,3178
Gini,233.346µs,3178
unique_vals,363.129µs,612
Gini,22.703µs,612
unique_vals,1.482519ms,2566
Gini,305.396µs,2566
unique_vals,2.581201ms,3178
Gini,401.713µs,3178
unique_vals,812.259µs,905
Gini,59.972µs,905
unique_vals,1.999159ms,2273
Gini,291.248µs,2273
unique_vals,2.100251ms,3178
Gini,386.11µs,3178
unique_vals,1.273508ms,1703
Gini,67.307µs,1703
unique_vals,939.877µs,1475
Gini,182.913µs,1475
unique_vals,2.140608ms,3178
Gini,250.261µs,3178
unique_vals,1.41625ms,2240
Gini,172.6µs,2240
unique_vals,2.351465ms,938
Gini,187.896µs,938
unique_vals,2.004758ms,3178
Gini,250.751µs,3178
unique_vals,2.007218ms,2932
Gini,229.094µs,2932
unique_vals,163.933µs,246
Gini,22.575µs,246
unique_vals,3.480475ms,2898
Gini,113.507µs,2898
unique_vals,55.802µs,71
Gini,3.839µs,71
unique_vals,1.873076ms,2827
Gini,111.921µs,2827
unique_vals,2.07094ms,2898
Gini,120.458µs,2898
unique_vals,147.908µs,199
Gini,8.869µs,199
unique_vals,1.758642ms,2699
Gini,105.542µs,2699
unique_vals,1.872487ms,2898
Gini,168.88µs,2898
unique_vals,346.152µs,265
Gini,23.772µs,265
unique_vals,2.604668ms,2633
Gini,104.357µs,2633
unique_vals,2.094913ms,2898
Gini,125.936µs,2898
unique_vals,213.767µs,317
Gini,13.523µs,317
unique_vals,1.830084ms,2581
Gini,126.488µs,2581
unique_vals,1.986947ms,2898
Gini,161.142µs,2898
unique_vals,238.103µs,366
Gini,15.434µs,366
unique_vals,2.355684ms,2532
Gini,298.035µs,2532
unique_vals,2.047437ms,2898
Gini,116.339µs,2898
unique_vals,431.646µs,656
Gini,28.487µs,656
unique_vals,1.4882ms,2242
Gini,90.999µs,2242
unique_vals,1.890173ms,2898
Gini,116.079µs,2898
unique_vals,627.48µs,1002
Gini,36.881µs,1002
unique_vals,1.120001ms,1896
Gini,67.869µs,1896
unique_vals,2.630882ms,2898
Gini,105.879µs,2898
unique_vals,760.839µs,1295
Gini,46.848µs,1295
unique_vals,981.418µs,1603
Gini,58.168µs,1603
unique_vals,1.723569ms,2898
Gini,103.552µs,2898
unique_vals,854.128µs,1474
Gini,53.034µs,1474
unique_vals,882.481µs,1424
Gini,52.31µs,1424
unique_vals,1.703128ms,2898
Gini,103.68µs,2898
unique_vals,993.897µs,1531
Gini,56.07µs,1531
unique_vals,1.104599ms,1367
Gini,197.592µs,1367
unique_vals,1.707848ms,2898
Gini,104.717µs,2898
unique_vals,1.298236ms,1720
Gini,68.237µs,1720
unique_vals,790.278µs,1178
Gini,46.489µs,1178
unique_vals,1.797979ms,2898
Gini,105.053µs,2898
unique_vals,1.141157ms,1962
Gini,79.617µs,1962
unique_vals,540.378µs,936
Gini,33.895µs,936
unique_vals,3.369952ms,2898
Gini,105.341µs,2898
unique_vals,1.345862ms,2085
Gini,75.643µs,2085
unique_vals,497.62µs,813
Gini,29.639µs,813
unique_vals,1.709869ms,2898
Gini,104.293µs,2898
unique_vals,1.299427ms,2257
Gini,80.643µs,2257
unique_vals,372.717µs,641
Gini,23.647µs,641
unique_vals,1.664724ms,2898
Gini,104.182µs,2898
unique_vals,1.502313ms,2361
Gini,85.194µs,2361
unique_vals,356.796µs,537
Gini,34.259µs,537
unique_vals,1.685121ms,2898
Gini,104.712µs,2898
unique_vals,1.414667ms,2416
Gini,86.199µs,2416
unique_vals,282.08µs,482
Gini,18.111µs,482
unique_vals,1.732049ms,2898
Gini,112.265µs,2898
unique_vals,1.471215ms,2532
Gini,90.355µs,2532
unique_vals,261.491µs,366
Gini,25.3µs,366
unique_vals,1.82338ms,2898
Gini,112.253µs,2898
unique_vals,2.702702ms,2724
Gini,99.717µs,2724
unique_vals,111.142µs,174
Gini,7.016µs,174
unique_vals,1.676378ms,2898
Gini,103.507µs,2898
unique_vals,1.672499ms,2782
Gini,100.271µs,2782
unique_vals,74.843µs,116
Gini,5.034µs,116
unique_vals,1.675111ms,2898
Gini,103.675µs,2898
unique_vals,1.680794ms,2838
Gini,101.663µs,2838
unique_vals,40.42µs,60
Gini,3.012µs,60
unique_vals,1.684765ms,2898
Gini,104.873µs,2898
unique_vals,43.404µs,64
Gini,3.247µs,64
unique_vals,1.951797ms,2834
Gini,168.346µs,2834
unique_vals,2.061941ms,2898
Gini,184.044µs,2898
unique_vals,182.704µs,191
Gini,13.857µs,191
unique_vals,2.400761ms,2707
Gini,180.735µs,2707
unique_vals,2.018279ms,2898
Gini,113.655µs,2898
unique_vals,245.201µs,378
Gini,15.887µs,378
unique_vals,2.10739ms,2520
Gini,159.767µs,2520
unique_vals,1.823281ms,2898
Gini,112.818µs,2898
unique_vals,352.175µs,560
Gini,22.344µs,560
unique_vals,1.466544ms,2338
Gini,90.328µs,2338
unique_vals,1.920727ms,2898
Gini,113.63µs,2898
unique_vals,510.078µs,812
Gini,32.146µs,812
unique_vals,1.294043ms,2086
Gini,80.755µs,2086
unique_vals,1.877042ms,2898
Gini,112.668µs,2898
unique_vals,606.086µs,969
Gini,37.945µs,969
unique_vals,1.194794ms,1929
Gini,74.822µs,1929
unique_vals,2.291049ms,2898
Gini,228.756µs,2898
unique_vals,1.312925ms,1212
Gini,66.265µs,1212
unique_vals,1.132889ms,1686
Gini,66.466µs,1686
unique_vals,2.001301ms,2898
Gini,113.64µs,2898
unique_vals,1.102878ms,1546
Gini,61.817µs,1546
unique_vals,960.018µs,1352
Gini,54.543µs,1352
unique_vals,1.897619ms,2898
Gini,114.087µs,2898
unique_vals,1.336604ms,2019
Gini,147.72µs,2019
unique_vals,806.739µs,879
Gini,63.724µs,879
unique_vals,2.113898ms,2898
Gini,113.983µs,2898
unique_vals,1.643218ms,2409
Gini,96.222µs,2409
unique_vals,312.089µs,489
Gini,20.09µs,489
unique_vals,1.85824ms,2898
Gini,113.061µs,2898
unique_vals,1.676595ms,2657
Gini,129.792µs,2657
unique_vals,216.713µs,241
Gini,10.875µs,241
unique_vals,1.98046ms,2898
Gini,115.445µs,2898
unique_vals,1.896013ms,2776
Gini,110.249µs,2776
unique_vals,88.141µs,122
Gini,5.888µs,122
unique_vals,1.909509ms,2898
Gini,116.366µs,2898
unique_vals,1.905254ms,2839
Gini,113.862µs,2839
unique_vals,50.652µs,59
Gini,3.291µs,59
unique_vals,1.856071ms,2898
Gini,105.239µs,2898
unique_vals,47.082µs,66
Gini,3.259µs,66
unique_vals,1.701652ms,2832
Gini,101.993µs,2832
unique_vals,1.6822ms,2898
Gini,103.683µs,2898
unique_vals,122.109µs,201
Gini,8.108µs,201
unique_vals,1.619886ms,2697
Gini,96.72µs,2697
unique_vals,2.180018ms,2898
Gini,188.404µs,2898
unique_vals,320.376µs,316
Gini,22.43µs,316
unique_vals,1.777147ms,2582
Gini,94.863µs,2582
unique_vals,1.734064ms,2898
Gini,104.726µs,2898
unique_vals,254.777µs,433
Gini,16.254µs,433
unique_vals,1.458983ms,2465
Gini,88.346µs,2465
unique_vals,1.715754ms,2898
Gini,103.671µs,2898
unique_vals,289.041µs,491
Gini,18.295µs,491
unique_vals,1.42579ms,2407
Gini,86.398µs,2407
unique_vals,1.74412ms,2898
Gini,104.554µs,2898
unique_vals,318.888µs,544
Gini,53.969µs,544
unique_vals,1.374881ms,2354
Gini,84.397µs,2354
unique_vals,1.716499ms,2898
Gini,103.734µs,2898
unique_vals,430.101µs,733
Gini,26.931µs,733
unique_vals,1.251403ms,2165
Gini,77.317µs,2165
unique_vals,1.735914ms,2898
Gini,103.685µs,2898
unique_vals,688.673µs,1039
Gini,38.822µs,1039
unique_vals,1.739586ms,1859
Gini,155.039µs,1859
unique_vals,1.686429ms,2898
Gini,104.7µs,2898
unique_vals,692.304µs,1196
Gini,43.104µs,1196
unique_vals,1.011968ms,1702
Gini,76.718µs,1702
unique_vals,1.757368ms,2898
Gini,104.27µs,2898
unique_vals,845.819µs,1451
Gini,52.229µs,1451
unique_vals,835.745µs,1447
Gini,52.1µs,1447
unique_vals,2.603521ms,2898
Gini,188.359µs,2898
unique_vals,1.040931ms,1552
Gini,57.759µs,1552
unique_vals,778.34µs,1346
Gini,48.784µs,1346
unique_vals,1.706398ms,2898
Gini,104.257µs,2898
unique_vals,1.057181ms,1826
Gini,65.437µs,1826
unique_vals,617.497µs,1072
Gini,38.721µs,1072
unique_vals,1.673188ms,2898
Gini,104.125µs,2898
unique_vals,1.303172ms,2231
Gini,79.62µs,2231
unique_vals,386.775µs,667
Gini,24.551µs,667
unique_vals,1.816867ms,2898
Gini,105.123µs,2898
unique_vals,1.3896ms,2413
Gini,86.217µs,2413
unique_vals,351.102µs,485
Gini,19.3µs,485
unique_vals,1.937493ms,2898
Gini,179.166µs,2898
unique_vals,2.484794ms,2725
Gini,170.451µs,2725
unique_vals,166.464µs,173
Gini,12.389µs,173
unique_vals,3.004301ms,2898
Gini,202.061µs,2898
unique_vals,1.978865ms,2783
Gini,108.617µs,2783
unique_vals,97.866µs,115
Gini,9.303µs,115
unique_vals,1.827697ms,2898
Gini,112.469µs,2898
unique_vals,271.547µs,423
Gini,17.16µs,423
unique_vals,1.71827ms,2475
Gini,158.505µs,2475
unique_vals,1.823187ms,2898
Gini,112.802µs,2898
unique_vals,387.758µs,612
Gini,24.681µs,612
unique_vals,1.567095ms,2286
Gini,89.814µs,2286
unique_vals,1.812614ms,2898
Gini,112.437µs,2898
unique_vals,645.92µs,905
Gini,59.445µs,905
unique_vals,1.274851ms,1993
Gini,78.353µs,1993
unique_vals,3.247286ms,2898
Gini,125.224µs,2898
unique_vals,1.107235ms,1703
Gini,76.498µs,1703
unique_vals,786.801µs,1195
Gini,64.284µs,1195
unique_vals,1.949288ms,2898
Gini,114.355µs,2898
unique_vals,1.352689ms,2182
Gini,84.087µs,2182
unique_vals,460.572µs,716
Gini,29.354µs,716
unique_vals,2.728942ms,2898
Gini,481.165µs,2898
unique_vals,2.164172ms,2776
Gini,160.428µs,2776
unique_vals,97.832µs,122
Gini,6.083µs,122
unique_vals,189.009µs,280
Gini,26.274µs,280
unique_vals,80.326µs,116
Gini,17.932µs,116
unique_vals,153.45µs,164
Gini,8.606µs,164
unique_vals,186.114µs,280
Gini,25.234µs,280
unique_vals,115.055µs,174
Gini,17.087µs,174
unique_vals,71.431µs,106
Gini,5.164µs,106
unique_vals,185.37µs,280
Gini,25.797µs,280
unique_vals,141.97µs,217
Gini,20.604µs,217
unique_vals,44.35µs,63
Gini,3.38µs,63
unique_vals,183.773µs,280
Gini,26.07µs,280
unique_vals,110.993µs,55
Gini,7.699µs,55
unique_vals,174.406µs,225
Gini,21.365µs,225
unique_vals,244.766µs,280
Gini,26.774µs,280
unique_vals,89.757µs,113
Gini,9.268µs,113
unique_vals,114.36µs,167
Gini,16.385µs,167
unique_vals,291.819µs,280
Gini,53.864µs,280
unique_vals,141.089µs,174
Gini,17.958µs,174
unique_vals,73.206µs,106
Gini,5.151µs,106
unique_vals,360.333µs,280
Gini,39.957µs,280
unique_vals,323.15µs,217
Gini,376.814µs,217
unique_vals,120.466µs,63
Gini,39.571µs,63
unique_vals,210.626µs,280
Gini,30.69µs,280
unique_vals,54.518µs,55
Gini,3.778µs,55
unique_vals,149.403µs,225
Gini,21.662µs,225
unique_vals,192.36µs,280
Gini,26.604µs,280
unique_vals,111.469µs,159
Gini,15.931µs,159
unique_vals,84.993µs,121
Gini,6.482µs,121
unique_vals,193.761µs,280
Gini,26.884µs,280
unique_vals,147.772µs,217
Gini,21.213µs,217
unique_vals,47.445µs,63
Gini,3.513µs,63
unique_vals,192.489µs,280
Gini,26.239µs,280
unique_vals,46.051µs,58
Gini,3.332µs,58
unique_vals,149.356µs,222
Gini,21.436µs,222
unique_vals,193.565µs,280
Gini,26.912µs,280
unique_vals,109.541µs,156
Gini,7.528µs,156
unique_vals,87.751µs,124
Gini,13.248µs,124
unique_vals,88.58µs,116
Gini,13.604µs,116
unique_vals,43.127µs,55
Gini,3.615µs,55
unique_vals,45.977µs,61
Gini,3.407µs,61
unique_vals,87.763µs,116
Gini,12.985µs,116
unique_vals,43.006µs,55
Gini,3.505µs,55
unique_vals,45.853µs,61
Gini,3.185µs,61
unique_vals,86.318µs,116
Gini,13.428µs,116
unique_vals,42.813µs,55
Gini,3.639µs,55
unique_vals,45.296µs,61
Gini,3.493µs,61
unique_vals,117.647µs,164
Gini,8.398µs,164
unique_vals,45.465µs,58
Gini,3.267µs,58
unique_vals,72.686µs,106
Gini,5.486µs,106
unique_vals,116.989µs,164
Gini,8.143µs,164
unique_vals,71.529µs,101
Gini,5.357µs,101
unique_vals,49.437µs,63
Gini,3.733µs,63
unique_vals,101.79µs,164
Gini,7.167µs,164
unique_vals,39.576µs,58
Gini,2.831µs,58
unique_vals,66.001µs,106
Gini,4.566µs,106
unique_vals,103.37µs,164
Gini,7.368µs,164
unique_vals,63.788µs,101
Gini,4.421µs,101
unique_vals,41.883µs,63
Gini,3.022µs,63
unique_vals,99.892µs,164
Gini,6.775µs,164
unique_vals,30.449µs,43
Gini,2.33µs,43
unique_vals,74.655µs,121
Gini,4.995µs,121
unique_vals,99.873µs,164
Gini,6.73µs,164
unique_vals,63.37µs,101
Gini,4.299µs,101
unique_vals,41.25µs,63
Gini,3.053µs,63
unique_vals,101.564µs,164
Gini,6.778µs,164
unique_vals,39.916µs,58
Gini,2.917µs,58
unique_vals,66.344µs,106
Gini,4.54µs,106
unique_vals,99.786µs,164
Gini,6.707µs,164
unique_vals,63.54µs,101
Gini,4.411µs,101
unique_vals,41.266µs,63
Gini,3.438µs,63
unique_vals,1.674569ms,2887
Gini,208.208µs,2887
unique_vals,42.179µs,62
Gini,3.251µs,62
unique_vals,1.693607ms,2825
Gini,203.271µs,2825
unique_vals,1.72296ms,2887
Gini,207.335µs,2887
unique_vals,80.27µs,129
Gini,5.627µs,129
unique_vals,1.591162ms,2758
Gini,197.643µs,2758
unique_vals,3.769902ms,2887
Gini,356.28µs,2887
unique_vals,177.478µs,183
Gini,13.334µs,183
unique_vals,2.346084ms,2704
Gini,325.285µs,2704
unique_vals,2.032137ms,2887
Gini,353.848µs,2887
unique_vals,326.767µs,350
Gini,22.96µs,350
unique_vals,4.325569ms,2537
Gini,1.271991ms,2537
unique_vals,2.555499ms,2887
Gini,224.522µs,2887
unique_vals,300.962µs,465
Gini,39.007µs,465
unique_vals,1.509438ms,2422
Gini,402.67µs,2422
unique_vals,1.935087ms,2887
Gini,1.203185ms,2887
unique_vals,518.034µs,520
Gini,71.633µs,520
unique_vals,2.409913ms,2367
Gini,183.03µs,2367
unique_vals,1.879541ms,2887
Gini,224.185µs,2887
unique_vals,371.276µs,580
Gini,47.673µs,580
unique_vals,1.469773ms,2307
Gini,177.887µs,2307
unique_vals,2.143786ms,2887
Gini,229.12µs,2887
unique_vals,524.583µs,699
Gini,57.823µs,699
unique_vals,4.313459ms,2188
Gini,214.492µs,2188
unique_vals,2.010403ms,2887
Gini,225.088µs,2887
unique_vals,634.38µs,1002
Gini,80.01µs,1002
unique_vals,1.388977ms,1885
Gini,173.082µs,1885
unique_vals,2.124144ms,2887
Gini,255.84µs,2887
unique_vals,1.385759ms,1316
Gini,165.252µs,1316
unique_vals,1.983584ms,1571
Gini,178.879µs,1571
unique_vals,1.873304ms,2887
Gini,233.55µs,2887
unique_vals,1.416799ms,1542
Gini,158.005µs,1542
unique_vals,1.159986ms,1345
Gini,109.381µs,1345
unique_vals,1.931269ms,2887
Gini,242.664µs,2887
unique_vals,3.734918ms,1906
Gini,156.751µs,1906
unique_vals,662.865µs,981
Gini,40.735µs,981
unique_vals,1.906832ms,2887
Gini,211.526µs,2887
unique_vals,1.311282ms,2044
Gini,148.963µs,2044
unique_vals,496.455µs,843
Gini,30.829µs,843
unique_vals,1.682201ms,2887
Gini,221.23µs,2887
unique_vals,1.360597ms,2213
Gini,237.759µs,2213
unique_vals,887.373µs,674
Gini,50.538µs,674
unique_vals,1.679775ms,2887
Gini,207.958µs,2887
unique_vals,1.337653ms,2283
Gini,164.39µs,2283
unique_vals,378.846µs,604
Gini,22.393µs,604
unique_vals,1.679959ms,2887
Gini,207.038µs,2887
unique_vals,1.386207ms,2403
Gini,172.822µs,2403
unique_vals,329.867µs,484
Gini,18.993µs,484
unique_vals,3.287994ms,2887
Gini,209.402µs,2887
unique_vals,1.490826ms,2462
Gini,252.778µs,2462
unique_vals,255.464µs,425
Gini,16.478µs,425
unique_vals,1.749604ms,2887
Gini,207.903µs,2887
unique_vals,1.519413ms,2525
Gini,193.265µs,2525
unique_vals,214.775µs,362
Gini,13.692µs,362
unique_vals,1.668162ms,2887
Gini,219.289µs,2887
unique_vals,2.641161ms,2575
Gini,1.067518ms,2575
unique_vals,313.382µs,312
Gini,14.102µs,312
unique_vals,1.859943ms,2887
Gini,207.378µs,2887
unique_vals,1.662615ms,2831
Gini,203.004µs,2831
unique_vals,38.032µs,56
Gini,2.931µs,56
unique_vals,1.77388ms,2887
Gini,1.250369ms,2887
unique_vals,356.481µs,244
Gini,18.129µs,244
unique_vals,2.406723ms,2643
Gini,191.856µs,2643
unique_vals,1.723187ms,2887
Gini,207.845µs,2887
unique_vals,200.095µs,329
Gini,12.614µs,329
unique_vals,1.477539ms,2558
Gini,183.779µs,2558
unique_vals,1.682001ms,2887
Gini,206.894µs,2887
unique_vals,318.358µs,542
Gini,20.213µs,542
unique_vals,1.376815ms,2345
Gini,168.753µs,2345
unique_vals,2.466914ms,2887
Gini,208.953µs,2887
unique_vals,579.032µs,974
Gini,35.594µs,974
unique_vals,1.155771ms,1913
Gini,140.023µs,1913
unique_vals,1.686173ms,2887
Gini,207.194µs,2887
unique_vals,633.862µs,1094
Gini,39.686µs,1094
unique_vals,1.110405ms,1793
Gini,146.316µs,1793
unique_vals,2.319324ms,2887
Gini,385.079µs,2887
unique_vals,1.811627ms,1793
Gini,140.617µs,1793
unique_vals,740.752µs,1094
Gini,136.949µs,1094
unique_vals,2.415125ms,2887
Gini,359.97µs,2887
unique_vals,1.840249ms,2048
Gini,204.166µs,2048
unique_vals,630.543µs,839
Gini,123.319µs,839
unique_vals,2.837428ms,2887
Gini,427.862µs,2887
unique_vals,1.879461ms,2426
Gini,233.804µs,2426
unique_vals,335.697µs,461
Gini,30.168µs,461
unique_vals,1.993649ms,2887
Gini,224.086µs,2887
unique_vals,1.620732ms,2594
Gini,200.668µs,2594
unique_vals,188.447µs,293
Gini,12.119µs,293
unique_vals,1.843613ms,2887
Gini,257.932µs,2887
unique_vals,2.63196ms,2730
Gini,272.919µs,2730
unique_vals,112.236µs,157
Gini,7.432µs,157
unique_vals,1.815662ms,2887
Gini,237.646µs,2887
unique_vals,1.811107ms,2780
Gini,215.719µs,2780
unique_vals,78.159µs,107
Gini,5.177µs,107
unique_vals,2.831748ms,2887
Gini,224.321µs,2887
unique_vals,49.986µs,62
Gini,3.4µs,62
unique_vals,1.943594ms,2825
Gini,228.013µs,2825
unique_vals,1.780866ms,2887
Gini,284.263µs,2887
unique_vals,163.177µs,230
Gini,37.344µs,230
unique_vals,1.704454ms,2657
Gini,206.124µs,2657
unique_vals,2.145282ms,2887
Gini,311.892µs,2887
unique_vals,531.228µs,415
Gini,58.652µs,415
unique_vals,2.622335ms,2472
Gini,191.593µs,2472
unique_vals,1.910162ms,2887
Gini,225.716µs,2887
unique_vals,376.787µs,583
Gini,49.999µs,583
unique_vals,1.526718ms,2304
Gini,93.834µs,2304
unique_vals,1.945443ms,2887
Gini,230.988µs,2887
unique_vals,629.959µs,928
Gini,78.848µs,928
unique_vals,1.637954ms,1959
Gini,134.928µs,1959
unique_vals,1.918682ms,2887
Gini,229.328µs,2887
unique_vals,693.714µs,1045
Gini,87.659µs,1045
unique_vals,1.119686ms,1842
Gini,66.323µs,1842
unique_vals,1.728553ms,2887
Gini,207.531µs,2887
unique_vals,681.381µs,1173
Gini,87.641µs,1173
unique_vals,1.009126ms,1714
Gini,61.542µs,1714
unique_vals,2.682376ms,2887
Gini,217.722µs,2887
unique_vals,803.73µs,1301
Gini,96.757µs,1301
unique_vals,917.561µs,1586
Gini,57.18µs,1586
unique_vals,1.869453ms,2887
Gini,208.407µs,2887
unique_vals,868.334µs,1492
Gini,109.587µs,1492
unique_vals,808.106µs,1395
Gini,50.28µs,1395
unique_vals,1.685648ms,2887
Gini,217.004µs,2887
unique_vals,1.059411ms,1805
Gini,236.927µs,1805
unique_vals,838.281µs,1082
Gini,68.052µs,1082
unique_vals,1.677623ms,2887
Gini,208.062µs,2887
unique_vals,1.137775ms,1966
Gini,142.459µs,1966
unique_vals,565.055µs,921
Gini,33.753µs,921
unique_vals,1.689157ms,2887
Gini,222.563µs,2887
unique_vals,1.224223ms,2092
Gini,151.156µs,2092
unique_vals,493.062µs,795
Gini,29.367µs,795
unique_vals,1.989919ms,2887
Gini,366.191µs,2887
unique_vals,1.861737ms,2228
Gini,173.887µs,2228
unique_vals,417.59µs,659
Gini,25.487µs,659
unique_vals,1.676958ms,2887
Gini,207.071µs,2887
unique_vals,1.406079ms,2353
Gini,170.179µs,2353
unique_vals,313.039µs,534
Gini,20µs,534
unique_vals,1.677224ms,2887
Gini,206.897µs,2887
unique_vals,1.488168ms,2524
Gini,181.678µs,2524
unique_vals,214.155µs,363
Gini,13.919µs,363
unique_vals,2.441512ms,2887
Gini,209.006µs,2887
unique_vals,1.552031ms,2583
Gini,186.514µs,2583
unique_vals,182.049µs,304
Gini,11.644µs,304
unique_vals,1.755389ms,2887
Gini,207.504µs,2887
unique_vals,1.527807ms,2639
Gini,189.711µs,2639
unique_vals,147.975µs,248
Gini,9.662µs,248
unique_vals,1.75898ms,2887
Gini,207.498µs,2887
unique_vals,2.091007ms,2689
Gini,725.842µs,2689
unique_vals,227.082µs,198
Gini,10.845µs,198
unique_vals,1.690928ms,2887
Gini,207.959µs,2887
unique_vals,1.700319ms,2802
Gini,210.437µs,2802
unique_vals,55.756µs,85
Gini,4.042µs,85
unique_vals,1.822859ms,2887
Gini,208.112µs,2887
unique_vals,116.296µs,117
Gini,19.69µs,117
unique_vals,2.911236ms,2770
Gini,213.47µs,2770
unique_vals,2.633786ms,2887
Gini,378.988µs,2887
unique_vals,754.272µs,836
Gini,109.632µs,836
unique_vals,1.80561ms,2051
Gini,130.636µs,2051
unique_vals,2.243048ms,2887
Gini,360.643µs,2887
unique_vals,1.327912ms,1113
Gini,158.851µs,1113
unique_vals,1.578318ms,1774
Gini,70.96µs,1774
unique_vals,1.841895ms,2887
Gini,223.425µs,2887
unique_vals,1.073796ms,1471
Gini,117.919µs,1471
unique_vals,886.356µs,1416
Gini,54.95µs,1416
unique_vals,1.925627ms,2887
Gini,224.153µs,2887
unique_vals,1.150711ms,1842
Gini,144.152µs,1842
unique_vals,709.54µs,1045
Gini,42.484µs,1045
unique_vals,1.815548ms,2887
Gini,223.517µs,2887
unique_vals,1.370719ms,2007
Gini,157.967µs,2007
unique_vals,553.636µs,880
Gini,34.962µs,880
unique_vals,2.581909ms,2887
Gini,362.392µs,2887
unique_vals,2.28336ms,2521
Gini,286.601µs,2521
unique_vals,337.437µs,366
Gini,25.72µs,366
unique_vals,2.559195ms,2887
Gini,224.724µs,2887
unique_vals,1.824649ms,2726
Gini,226.79µs,2726
unique_vals,116.305µs,161
Gini,7.157µs,161
unique_vals,96.437µs,117
Gini,12.599µs,117
unique_vals,45.631µs,62
Gini,3.255µs,62
unique_vals,40.723µs,55
Gini,3.025µs,55
unique_vals,74.705µs,117
Gini,10.993µs,117
unique_vals,41.353µs,62
Gini,3.041µs,62
unique_vals,36.896µs,55
Gini,2.734µs,55
unique_vals,73.329µs,117
Gini,11.08µs,117
unique_vals,41.315µs,62
Gini,3.187µs,62
unique_vals,37.472µs,55
Gini,2.757µs,55
unique_vals,1.971416ms,2770
Gini,237.167µs,2770
unique_vals,53.477µs,67
Gini,3.701µs,67
unique_vals,1.839599ms,2703
Gini,209.382µs,2703
unique_vals,1.772948ms,2770
Gini,213.789µs,2770
unique_vals,95.298µs,121
Gini,9.163µs,121
unique_vals,1.777647ms,2649
Gini,204.52µs,2649
unique_vals,2.772145ms,2770
Gini,357.783µs,2770
unique_vals,270.889µs,288
Gini,20.968µs,288
unique_vals,2.331562ms,2482
Gini,383.51µs,2482
unique_vals,2.141185ms,2770
Gini,198.519µs,2770
unique_vals,251.382µs,403
Gini,78.325µs,403
unique_vals,1.394432ms,2367
Gini,84.804µs,2367
unique_vals,2.707996ms,2770
Gini,293.475µs,2770
unique_vals,289.845µs,458
Gini,36.194µs,458
unique_vals,1.325934ms,2312
Gini,82.613µs,2312
unique_vals,1.673089ms,2770
Gini,250.076µs,2770
unique_vals,308.186µs,518
Gini,40.014µs,518
unique_vals,1.322034ms,2252
Gini,80.655µs,2252
unique_vals,1.590366ms,2770
Gini,239.481µs,2770
unique_vals,371.836µs,637
Gini,47.918µs,637
unique_vals,1.304063ms,2133
Gini,98.742µs,2133
unique_vals,1.701009ms,2770
Gini,197.832µs,2770
unique_vals,547.275µs,940
Gini,69.183µs,940
unique_vals,1.050656ms,1830
Gini,65.637µs,1830
unique_vals,1.657324ms,2770
Gini,197.06µs,2770
unique_vals,726.873µs,1254
Gini,90.937µs,1254
unique_vals,871.109µs,1516
Gini,54.432µs,1516
unique_vals,1.66735ms,2770
Gini,196.791µs,2770
unique_vals,1.333758ms,1480
Gini,189.711µs,1480
unique_vals,1.394887ms,1290
Gini,62.558µs,1290
unique_vals,1.608536ms,2770
Gini,197.215µs,2770
unique_vals,1.027107ms,1789
Gini,128.386µs,1789
unique_vals,597.05µs,981
Gini,38.592µs,981
unique_vals,1.642791ms,2770
Gini,196.941µs,2770
unique_vals,1.12169ms,1927
Gini,137.969µs,1927
unique_vals,492.494µs,843
Gini,30.865µs,843
unique_vals,1.8319ms,2770
Gini,441.95µs,2770
unique_vals,1.794508ms,2096
Gini,151.796µs,2096
unique_vals,395.285µs,674
Gini,24.877µs,674
unique_vals,1.60282ms,2770
Gini,196.782µs,2770
unique_vals,1.283454ms,2166
Gini,154.484µs,2166
unique_vals,353.826µs,604
Gini,22.317µs,604
unique_vals,1.606941ms,2770
Gini,197.07µs,2770
unique_vals,1.32001ms,2286
Gini,188.103µs,2286
unique_vals,284.673µs,484
Gini,18.106µs,484
unique_vals,2.085289ms,2770
Gini,200.48µs,2770
unique_vals,1.406045ms,2345
Gini,170.635µs,2345
unique_vals,252.913µs,425
Gini,16.12µs,425
unique_vals,1.655542ms,2770
Gini,197.151µs,2770
unique_vals,1.39341ms,2408
Gini,171.371µs,2408
unique_vals,213.409µs,362
Gini,13.839µs,362
unique_vals,1.614742ms,2770
Gini,197.24µs,2770
unique_vals,1.547315ms,2458
Gini,474.582µs,2458
unique_vals,302.421µs,312
Gini,25.639µs,312
unique_vals,2.475624ms,2770
Gini,339.996µs,2770
unique_vals,1.988871ms,2714
Gini,239.673µs,2714
unique_vals,49.051µs,56
Gini,3.457µs,56
unique_vals,2.554328ms,2770
Gini,374.007µs,2770
unique_vals,190.047µs,182
Gini,13.083µs,182
unique_vals,2.381727ms,2588
Gini,239.14µs,2588
unique_vals,1.735565ms,2770
Gini,212.603µs,2770
unique_vals,171.805µs,267
Gini,11.156µs,267
unique_vals,1.609081ms,2503
Gini,192.625µs,2503
unique_vals,3.332123ms,2770
Gini,342.349µs,2770
unique_vals,429.998µs,480
Gini,31.699µs,480
unique_vals,1.982376ms,2290
Gini,177.517µs,2290
unique_vals,1.719788ms,2770
Gini,212.146µs,2770
unique_vals,566.011µs,912
Gini,35.769µs,912
unique_vals,1.167672ms,1858
Gini,155.706µs,1858
unique_vals,1.979278ms,2770
Gini,542.349µs,2770
unique_vals,1.249431ms,1032
Gini,69.382µs,1032
unique_vals,1.976412ms,1738
Gini,216.456µs,1738
unique_vals,1.941266ms,2770
Gini,214.117µs,2770
unique_vals,1.103959ms,1676
Gini,88.936µs,1676
unique_vals,729.7µs,1094
Gini,107.211µs,1094
unique_vals,1.791327ms,2770
Gini,249.239µs,2770
unique_vals,2.344426ms,1931
Gini,77.095µs,1931
unique_vals,534.384µs,839
Gini,67.995µs,839
unique_vals,2.022234ms,2770
Gini,271.492µs,2770
unique_vals,1.604628ms,2309
Gini,274.522µs,2309
unique_vals,318.016µs,461
Gini,19.096µs,461
unique_vals,1.886858ms,2770
Gini,213.947µs,2770
unique_vals,1.838348ms,2477
Gini,506.906µs,2477
unique_vals,316.606µs,293
Gini,21.888µs,293
unique_vals,2.1222ms,2770
Gini,299.51µs,2770
unique_vals,1.756006ms,2613
Gini,206.481µs,2613
unique_vals,115.503µs,157
Gini,7.641µs,157
unique_vals,2.044114ms,2770
Gini,222.408µs,2770
unique_vals,1.752744ms,2663
Gini,211.402µs,2663
unique_vals,90.748µs,107
Gini,5.999µs,107
unique_vals,1.650508ms,2770
Gini,197.882µs,2770
unique_vals,107.149µs,168
Gini,15.404µs,168
unique_vals,1.495451ms,2602
Gini,93.046µs,2602
unique_vals,1.608402ms,2770
Gini,197.175µs,2770
unique_vals,235.584µs,353
Gini,28.53µs,353
unique_vals,1.411268ms,2417
Gini,156.362µs,2417
unique_vals,1.652946ms,2770
Gini,197.905µs,2770
unique_vals,282.781µs,466
Gini,36.201µs,466
unique_vals,1.363152ms,2304
Gini,82.509µs,2304
unique_vals,1.609348ms,2770
Gini,197.233µs,2770
unique_vals,475.261µs,811
Gini,60.338µs,811
unique_vals,1.222122ms,1959
Gini,71.388µs,1959
unique_vals,1.634519ms,2770
Gini,196.746µs,2770
unique_vals,1.162457ms,928
Gini,119.325µs,928
unique_vals,1.953604ms,1842
Gini,82.337µs,1842
unique_vals,1.629442ms,2770
Gini,197.133µs,2770
unique_vals,664.228µs,1056
Gini,78.178µs,1056
unique_vals,1.060109ms,1714
Gini,61.969µs,1714
unique_vals,1.610332ms,2770
Gini,196.758µs,2770
unique_vals,719.092µs,1184
Gini,86.114µs,1184
unique_vals,912.197µs,1586
Gini,57.062µs,1586
unique_vals,2.769336ms,2770
Gini,242.108µs,2770
unique_vals,840.083µs,1375
Gini,100.187µs,1375
unique_vals,804.656µs,1395
Gini,50.275µs,1395
unique_vals,1.693488ms,2770
Gini,197.383µs,2770
unique_vals,972.879µs,1688
Gini,121.204µs,1688
unique_vals,626.843µs,1082
Gini,39.378µs,1082
unique_vals,1.673129ms,2770
Gini,197.32µs,2770
unique_vals,1.087435ms,1849
Gini,132.423µs,1849
unique_vals,531.119µs,921
Gini,33.507µs,921
unique_vals,1.722176ms,2770
Gini,198.138µs,2770
unique_vals,1.183829ms,1975
Gini,142.28µs,1975
unique_vals,462.854µs,795
Gini,29.346µs,795
unique_vals,1.603935ms,2770
Gini,197.291µs,2770
unique_vals,1.213179ms,2111
Gini,150.568µs,2111
unique_vals,382.49µs,659
Gini,24.299µs,659
unique_vals,1.605112ms,2770
Gini,295.222µs,2770
unique_vals,2.110028ms,2236
Gini,457.696µs,2236
unique_vals,416.192µs,534
Gini,35.733µs,534
unique_vals,1.767698ms,2770
Gini,214.623µs,2770
unique_vals,2.048969ms,2407
Gini,301.106µs,2407
unique_vals,337.078µs,363
Gini,26.412µs,363
unique_vals,1.845127ms,2770
Gini,337.061µs,2770
unique_vals,2.148457ms,2466
Gini,426.866µs,2466
unique_vals,665.762µs,304
Gini,25.44µs,304
unique_vals,1.857616ms,2770
Gini,213.692µs,2770
unique_vals,1.59018ms,2522
Gini,193.477µs,2522
unique_vals,159.768µs,248
Gini,10.422µs,248
unique_vals,1.729611ms,2770
Gini,211.929µs,2770
unique_vals,1.790851ms,2572
Gini,202.648µs,2572
unique_vals,133.884µs,198
Gini,8.599µs,198
unique_vals,1.824456ms,2770
Gini,236.76µs,2770
unique_vals,1.660001ms,2685
Gini,204.608µs,2685
unique_vals,58.906µs,85
Gini,4.151µs,85
unique_vals,1.847426ms,2770
Gini,244.101µs,2770
unique_vals,577.36µs,719
Gini,62.652µs,719
unique_vals,1.779753ms,2051
Gini,141.424µs,2051
unique_vals,1.985506ms,2770
Gini,238.435µs,2770
unique_vals,650.575µs,996
Gini,79.489µs,996
unique_vals,1.106795ms,1774
Gini,68.946µs,1774
unique_vals,1.825282ms,2770
Gini,271.34µs,2770
unique_vals,943.72µs,1354
Gini,129.574µs,1354
unique_vals,1.075965ms,1416
Gini,99.91µs,1416
unique_vals,2.574049ms,2770
Gini,213.519µs,2770
unique_vals,1.179169ms,1725
Gini,194.783µs,1725
unique_vals,746.082µs,1045
Gini,42.419µs,1045
unique_vals,1.761115ms,2770
Gini,214.349µs,2770
unique_vals,1.411945ms,1890
Gini,147.755µs,1890
unique_vals,732.82µs,880
Gini,44.073µs,880
unique_vals,1.985762ms,2770
Gini,439.899µs,2770
unique_vals,2.2349ms,2404
Gini,189.715µs,2404
unique_vals,247.037µs,366
Gini,16.63µs,366
unique_vals,1.937739ms,2770
Gini,243.48µs,2770
unique_vals,1.853835ms,2609
Gini,201.348µs,2609
unique_vals,110.106µs,161
Gini,7.147µs,161
unique_vals,121.729µs,168
Gini,17.737µs,168
unique_vals,44.555µs,60
Gini,3.357µs,60
unique_vals,72.51µs,108
Gini,4.992µs,108
unique_vals,110.581µs,168
Gini,16.8µs,168
unique_vals,78.979µs,115
Gini,12.042µs,115
unique_vals,38.879µs,53
Gini,2.927µs,53
unique_vals,161.567µs,168
Gini,25.194µs,168
unique_vals,56.45µs,53
Gini,5.173µs,53
unique_vals,110.805µs,115
Gini,18.096µs,115
unique_vals,113.934µs,168
Gini,17.04µs,168
unique_vals,72.882µs,108
Gini,4.976µs,108
unique_vals,82.348µs,60
Gini,4.922µs,60
unique_vals,112.973µs,108
Gini,10.254µs,108
unique_vals,149.154µs,55
Gini,5.832µs,55
unique_vals,65.294µs,53
Gini,9.232µs,53
unique_vals,116.774µs,108
Gini,9.323µs,108
unique_vals,46.705µs,53
Gini,3.347µs,53
unique_vals,38.043µs,55
Gini,2.813µs,55
unique_vals,1.573178ms,2602
Gini,94.033µs,2602
unique_vals,45.781µs,67
Gini,3.359µs,67
unique_vals,1.494608ms,2535
Gini,90.771µs,2535
unique_vals,1.499402ms,2602
Gini,92.993µs,2602
unique_vals,75.293µs,121
Gini,5.077µs,121
unique_vals,1.456704ms,2481
Gini,88.589µs,2481
unique_vals,2.663411ms,2602
Gini,138.653µs,2602
unique_vals,179.425µs,288
Gini,11.437µs,288
unique_vals,1.406831ms,2314
Gini,83.899µs,2314
unique_vals,1.539891ms,2602
Gini,93.338µs,2602
unique_vals,203.845µs,343
Gini,13.114µs,343
unique_vals,1.297961ms,2259
Gini,80.792µs,2259
unique_vals,1.508791ms,2602
Gini,93.07µs,2602
unique_vals,238.094µs,403
Gini,15.313µs,403
unique_vals,1.376572ms,2199
Gini,79.94µs,2199
unique_vals,2.776696ms,2602
Gini,127.72µs,2602
unique_vals,297.015µs,469
Gini,28.638µs,469
unique_vals,1.635793ms,2133
Gini,145.645µs,2133
unique_vals,1.569106ms,2602
Gini,94.15µs,2602
unique_vals,448.972µs,772
Gini,28.325µs,772
unique_vals,1.054078ms,1830
Gini,65.51µs,1830
unique_vals,1.609678ms,2602
Gini,93.878µs,2602
unique_vals,632.679µs,1086
Gini,39.493µs,1086
unique_vals,1.01681ms,1516
Gini,60.519µs,1516
unique_vals,1.567628ms,2602
Gini,94.24µs,2602
unique_vals,758.651µs,1312
Gini,47.412µs,1312
unique_vals,743.544µs,1290
Gini,46.571µs,1290
unique_vals,1.507959ms,2602
Gini,145.211µs,2602
unique_vals,949.852µs,1621
Gini,58.242µs,1621
unique_vals,570.786µs,981
Gini,35.732µs,981
unique_vals,1.53405ms,2602
Gini,93.087µs,2602
unique_vals,1.16756ms,1759
Gini,64.215µs,1759
unique_vals,977.398µs,843
Gini,60.591µs,843
unique_vals,2.057109ms,2602
Gini,165.701µs,2602
unique_vals,1.361239ms,1928
Gini,76.2µs,1928
unique_vals,525.828µs,674
Gini,58.089µs,674
unique_vals,2.2234ms,2602
Gini,103.167µs,2602
unique_vals,1.324941ms,1998
Gini,79.441µs,1998
unique_vals,390.902µs,604
Gini,24.289µs,604
unique_vals,2.73785ms,2602
Gini,165.762µs,2602
unique_vals,1.519926ms,2118
Gini,87.809µs,2118
unique_vals,342.742µs,484
Gini,19.978µs,484
unique_vals,1.624254ms,2602
Gini,101.675µs,2602
unique_vals,1.367039ms,2177
Gini,139.052µs,2177
unique_vals,298.219µs,425
Gini,17.79µs,425
unique_vals,1.615484ms,2602
Gini,101.013µs,2602
unique_vals,1.951136ms,2240
Gini,150.459µs,2240
unique_vals,851.322µs,362
Gini,27.48µs,362
unique_vals,1.628249ms,2602
Gini,110.704µs,2602
unique_vals,1.445781ms,2290
Gini,97.307µs,2290
unique_vals,199.816µs,312
Gini,13.205µs,312
unique_vals,1.627021ms,2602
Gini,101.514µs,2602
unique_vals,1.74877ms,2546
Gini,100.235µs,2546
unique_vals,47.299µs,56
Gini,3.112µs,56
unique_vals,1.76747ms,2602
Gini,102.653µs,2602
unique_vals,138.356µs,182
Gini,8.342µs,182
unique_vals,1.644559ms,2420
Gini,95.596µs,2420
unique_vals,1.684263ms,2602
Gini,103.076µs,2602
unique_vals,176.262µs,267
Gini,11.291µs,267
unique_vals,1.690855ms,2335
Gini,154.001µs,2335
unique_vals,2.834015ms,2602
Gini,103.407µs,2602
unique_vals,371.645µs,480
Gini,20.739µs,480
unique_vals,1.353362ms,2122
Gini,83.013µs,2122
unique_vals,1.693309ms,2602
Gini,110.676µs,2602
unique_vals,542.94µs,859
Gini,34.309µs,859
unique_vals,1.127033ms,1743
Gini,69.117µs,1743
unique_vals,1.769391ms,2602
Gini,104.582µs,2602
unique_vals,649.745µs,979
Gini,40.646µs,979
unique_vals,1.18167ms,1623
Gini,108.081µs,1623
unique_vals,1.705382ms,2602
Gini,104.999µs,2602
unique_vals,1.035973ms,1568
Gini,63.538µs,1568
unique_vals,688.548µs,1034
Gini,42.271µs,1034
unique_vals,1.514123ms,2602
Gini,93.789µs,2602
unique_vals,1.056865ms,1823
Gini,65.364µs,1823
unique_vals,451.667µs,779
Gini,28.487µs,779
unique_vals,1.551319ms,2602
Gini,93.335µs,2602
unique_vals,1.818768ms,2141
Gini,151.038µs,2141
unique_vals,499.694µs,461
Gini,101.552µs,461
unique_vals,1.502635ms,2602
Gini,94.034µs,2602
unique_vals,1.326093ms,2309
Gini,82.516µs,2309
unique_vals,172.055µs,293
Gini,11.195µs,293
unique_vals,1.595478ms,2602
Gini,93.884µs,2602
unique_vals,1.417037ms,2445
Gini,87.315µs,2445
unique_vals,95.558µs,157
Gini,6.451µs,157
unique_vals,1.850969ms,2602
Gini,103.903µs,2602
unique_vals,3.063449ms,2495
Gini,154.996µs,2495
unique_vals,82.226µs,107
Gini,8.629µs,107
unique_vals,1.552557ms,2602
Gini,94.134µs,2602
unique_vals,113.35µs,185
Gini,7.395µs,185
unique_vals,1.415654ms,2417
Gini,92.854µs,2417
unique_vals,1.652587ms,2602
Gini,101.491µs,2602
unique_vals,194.024µs,298
Gini,12.335µs,298
unique_vals,2.542075ms,2304
Gini,104.856µs,2304
unique_vals,1.550859ms,2602
Gini,93.692µs,2602
unique_vals,378.888µs,643
Gini,23.663µs,643
unique_vals,1.192828ms,1959
Gini,71.328µs,1959
unique_vals,1.551594ms,2602
Gini,93.343µs,2602
unique_vals,444.95µs,760
Gini,27.93µs,760
unique_vals,1.0637ms,1842
Gini,65.981µs,1842
unique_vals,1.841271ms,2602
Gini,164.793µs,2602
unique_vals,807.318µs,888
Gini,58.536µs,888
unique_vals,1.623362ms,1714
Gini,63.661µs,1714
unique_vals,1.547288ms,2602
Gini,93.904µs,2602
unique_vals,592.864µs,1016
Gini,36.898µs,1016
unique_vals,946.146µs,1586
Gini,57.032µs,1586
unique_vals,1.57799ms,2602
Gini,93.746µs,2602
unique_vals,703.547µs,1207
Gini,43.612µs,1207
unique_vals,804.709µs,1395
Gini,50.192µs,1395
unique_vals,1.953447ms,2602
Gini,179.739µs,2602
unique_vals,1.705361ms,1520
Gini,71.85µs,1520
unique_vals,685.256µs,1082
Gini,39.711µs,1082
unique_vals,1.557742ms,2602
Gini,93.331µs,2602
unique_vals,1.015188ms,1681
Gini,60.624µs,1681
unique_vals,537.508µs,921
Gini,33.458µs,921
unique_vals,1.507181ms,2602
Gini,93.555µs,2602
unique_vals,1.092027ms,1807
Gini,65.762µs,1807
unique_vals,463.85µs,795
Gini,29.161µs,795
unique_vals,1.964364ms,2602
Gini,236.261µs,2602
unique_vals,1.691775ms,1943
Gini,76.99µs,1943
unique_vals,515.684µs,659
Gini,27.208µs,659
unique_vals,1.743155ms,2602
Gini,103.007µs,2602
unique_vals,1.720339ms,2068
Gini,132.914µs,2068
unique_vals,483.829µs,534
Gini,36.442µs,534
unique_vals,1.754227ms,2602
Gini,102.414µs,2602
unique_vals,2.501163ms,2239
Gini,145.236µs,2239
unique_vals,518.293µs,363
Gini,27.331µs,363
unique_vals,1.802113ms,2602
Gini,102.429µs,2602
unique_vals,1.527033ms,2298
Gini,90.17µs,2298
unique_vals,199.485µs,304
Gini,12.908µs,304
unique_vals,1.632696ms,2602
Gini,101.408µs,2602
unique_vals,1.460296ms,2354
Gini,90.345µs,2354
unique_vals,181.566µs,248
Gini,12.277µs,248
unique_vals,2.066284ms,2602
Gini,266.419µs,2602
unique_vals,2.217232ms,2404
Gini,94.968µs,2404
unique_vals,133.563µs,198
Gini,8.548µs,198
unique_vals,1.737142ms,2602
Gini,128.812µs,2602
unique_vals,1.594344ms,2517
Gini,97.723µs,2517
unique_vals,60.786µs,85
Gini,4.175µs,85
unique_vals,2.129762ms,2602
Gini,173.535µs,2602
unique_vals,611.867µs,551
Gini,64.531µs,551
unique_vals,1.633768ms,2051
Gini,81.441µs,2051
unique_vals,1.774495ms,2602
Gini,112.26µs,2602
unique_vals,519.056µs,828
Gini,30.739µs,828
unique_vals,1.159098ms,1774
Gini,69.955µs,1774
unique_vals,1.860482ms,2602
Gini,103.46µs,2602
unique_vals,882.311µs,1186
Gini,48.139µs,1186
unique_vals,1.107582ms,1416
Gini,117.13µs,1416
unique_vals,1.716366ms,2602
Gini,135.203µs,2602
unique_vals,1.165509ms,1557
Gini,62.301µs,1557
unique_vals,655.927µs,1045
Gini,41.062µs,1045
unique_vals,1.795441ms,2602
Gini,159.893µs,2602
unique_vals,1.238826ms,1722
Gini,69.904µs,1722
unique_vals,579.244µs,880
Gini,37.127µs,880
unique_vals,2.101034ms,2602
Gini,176.096µs,2602
unique_vals,2.349225ms,2236
Gini,110.16µs,2236
unique_vals,267.712µs,366
Gini,15.413µs,366
unique_vals,1.689338ms,2602
Gini,114.88µs,2602
unique_vals,1.552378ms,2441
Gini,88.384µs,2441
unique_vals,101.822µs,161
Gini,6.518µs,161
7.826838786s
